code,name,ward,lga,registered_voters,latitude,longitude
11/01/01/001,ADAZI-ENU HALL I,Abakpa,Abakaliki,,6.3166473,8.1160672
11/01/01/002,ADAZI-ENU HALL II,Abakpa,Abakaliki,,6.3166473,8.1160672
11/01/01/003,CO-OPERATIVE SQUARE I,Abakpa,Abakaliki,,6.3222486,8.0941222
11/01/01/004,CO-OPERATIVE SQUARE II,Abakpa,Abakaliki,,6.3222486,8.0941222
11/01/01/005,NIBO/NSUKKA STR JUNCTION I,Abakpa,Abakaliki,,6.3282229,8.1041450
11/01/01/006,NIBO/NSUKKA STR JUNCTION II,Abakpa,Abakaliki,,6.3282229,8.1041450
11/01/01/007,VANCO HOTEL SPACE I,Abakpa,Abakaliki,,6.3232532,8.1155359
11/01/01/008,VANCO HOTEL SPACE II,Abakpa,Abakaliki,,6.3232532,8.1155359
11/01/01/009,ONUEBONYI PRIMARY SCHOOL,Abakpa,Abakaliki,,,
11/01/01/010,GIRLS HIGH SCHOOL AZUIYIOKWU,Abakpa,Abakaliki,,6.3128829,8.1125028
11/01/01/011,ADAZI - ENU HALL III,Abakpa,Abakaliki,,6.3166473,8.1160672
11/01/01/012,LOT 1A INTERNATIONAL MKT,Abakpa,Abakaliki,,6.3090585,8.1269838
11/01/01/013,LOT 1B INTERNATIONAL MKT,Abakpa,Abakaliki,,6.3090585,8.1269838
11/01/01/014,"NEW EBOTRANS, PARK A",Abakpa,Abakaliki,,6.3194382,8.1130485
11/01/01/015,"NEW EBOTRANS, PARK B",Abakpa,Abakaliki,,,
11/01/01/016,LOT 2 INTERNATIONAL MKT,Abakpa,Abakaliki,,6.3230592,8.1120597
11/01/01/017,OCHUDO PARK,Abakpa,Abakaliki,,6.3180728,8.1114876
11/01/01/018,"INYIMAGU PRIMARY,AZUIYIOKWU",Abakpa,Abakaliki,,6.3137727,8.1120990
11/01/01/019,"POLICE CHILDREN SCH,INYIMAGU",Abakpa,Abakaliki,,6.3152296,8.1147157
11/01/01/020,ONUEBONYI PRIMARY SCH.II,Abakpa,Abakaliki,,6.3137727,8.1120990
11/01/01/021,MOTHER AND CHILD HEALTH CENTRE I,Abakpa,Abakaliki,,6.3099210,8.1102792
11/01/01/022,MOTHER AND CHILD HEALTH CENTRE II,Abakpa,Abakaliki,,6.3099210,8.1102792
11/01/01/023,"GIRLS HIGH SECONDARY, AZUIYIOKWU II",Abakpa,Abakaliki,,6.3128829,8.1125028
11/01/02/001,OGUCHIE PLAY GROUND,Amachi (Ndebo),Abakaliki,,5.9732670,7.9554161
11/01/02/002,AGALEGU PRIMARY SCHOOL,Amachi (Ndebo),Abakaliki,,6.3309358,8.1200300
11/01/02/003,UBURU PRIMARY SCHOOL,Amachi (Ndebo),Abakaliki,,6.0321356,7.7523844
11/01/02/004,NDIUDARA/ NDIOFUTU VILL. SQUARE,Amachi (Ndebo),Abakaliki,,6.3334353,8.1205276
11/01/02/005,IZILOKWO MKT SQUARE,Amachi (Ndebo),Abakaliki,,6.3090585,8.1269838
11/01/02/006,NDIUGBALA VILL. SQUARE,Amachi (Ndebo),Abakaliki,,6.2899104,8.2103619
11/01/02/007,NDINGWUTA PRI. SCHOOL,Amachi (Ndebo),Abakaliki,,6.3137096,8.1075132
11/01/02/008,NDIOCHIOBUOKU PRI. SCHOOL,Amachi (Ndebo),Abakaliki,,6.3488879,8.1067441
11/01/02/009,EGWUDINEGU PRI. SCHOOL,Amachi (Ndebo),Abakaliki,,6.3234095,8.1221436
11/01/02/010,NDIEBO OSHIEKU PLAY GROUND,Amachi (Ndebo),Abakaliki,,6.3090585,8.1269838
11/01/02/011,OGUCHIE PRIMARY SCH.,Amachi (Ndebo),Abakaliki,,6.3137096,8.1075132
11/01/02/012,AGALEGU P/G,Amachi (Ndebo),Abakaliki,,6.3316233,8.0911334
11/01/02/013,UBURU/ ODAGERE P/G,Amachi (Ndebo),Abakaliki,,6.0321356,7.7523844
11/01/02/014,EGWUDINEGU HALL,Amachi (Ndebo),Abakaliki,,6.3075562,8.1002529
11/01/03/001,IJAGA PLAY GROUND,Amachi (Ndegu),Abakaliki,,5.9732670,7.9554161
11/01/03/002,OHABELE PLAY GROUND,Amachi (Ndegu),Abakaliki,,6.3859518,8.0114112
11/01/03/003,OKARIA MKT SQUARE,Amachi (Ndegu),Abakaliki,,6.3090585,8.1269838
11/01/03/004,ONYIKWA VILL. SQUARE,Amachi (Ndegu),Abakaliki,,6.3090585,8.1269838
11/01/03/005,OBEAGU IBOM VILLAGE SQUARE,Amachi (Ndegu),Abakaliki,,6.2899104,8.2103619
11/01/03/006,AKPE PRIMARY SCHOOL,Amachi (Ndegu),Abakaliki,,6.3309358,8.1200300
11/01/03/007,OFIAOKU PLAY GROUND,Amachi (Ndegu),Abakaliki,,6.0622809,8.1419860
11/01/03/008,ONYIRIGBO PRIMARY SCHOOL,Amachi (Ndegu),Abakaliki,,6.3309358,8.1200300
11/01/03/009,ETE VILLAGE SQUARE,Amachi (Ndegu),Abakaliki,,6.3090585,8.1269838
11/01/03/010,AKPANYA VILLAGE SQUARE,Amachi (Ndegu),Abakaliki,,6.3090585,8.1269838
11/01/03/011,OKARIA PRIMARY SCHOOL,Amachi (Ndegu),Abakaliki,,6.3137727,8.1120990
11/01/03/012,OBEAGU IBOM MKT SQ,Amachi (Ndegu),Abakaliki,,6.3859518,8.0114112
11/01/03/013,EDUKWU OFFIA AKPE P/G,Amachi (Ndegu),Abakaliki,,6.3142800,8.1074260
11/01/03/014,OFIAOKU PRIMARY SCHOOL,Amachi (Ndegu),Abakaliki,,6.3309358,8.1200300
11/01/03/015,AMETTA MARKET SQ.,Amachi (Ndegu),Abakaliki,,6.2835790,8.1024834
11/01/04/001,EBIA UNUHU PRIMARY SCHOOL,Amagu / Enyigba,Abakaliki,,6.3175504,8.1163134
11/01/04/002,NDIURUKWU PRIMARY SCHOOL,Amagu / Enyigba,Abakaliki,,6.3137727,8.1120990
11/01/04/003,NWOFIA ODO PLAY GROUND,Amagu / Enyigba,Abakaliki,,6.3281443,8.1041807
11/01/04/004,AZUAKPARATA EBIA PLAY GROUND,Amagu / Enyigba,Abakaliki,,6.3157461,8.1094772
11/01/04/005,MBAMOKO EBIA MKT SQUARE,Amagu / Enyigba,Abakaliki,,6.3859518,8.0114112
11/01/04/006,ORIUZOR/OMEGE PRIMARY SHOOL,Amagu / Enyigba,Abakaliki,,6.3309358,8.1200300
11/01/04/007,NDUNKWEGU PRIMARY SCHOOL,Amagu / Enyigba,Abakaliki,,6.3137727,8.1120990
11/01/04/008,EDUKWU OBULECHI AMAGU,Amagu / Enyigba,Abakaliki,,6.3859518,8.0114112
11/01/04/009,EKETUBE ENYIGBA VILLAGE SQUARE I,Amagu / Enyigba,Abakaliki,,,
11/01/04/010,EKETUBE ENYIGBA VILLAGE SQUARE II,Amagu / Enyigba,Abakaliki,,6.3859518,8.0114112
11/01/04/011,C.P.S. ISHIAGU ENYIGBA I,Amagu / Enyigba,Abakaliki,,6.3256986,8.0799691
11/01/04/012,C.P.S. ISHIAGU ENYIGBA II,Amagu / Enyigba,Abakaliki,,6.3256986,8.0799691
11/01/04/013,ALIBARUHU VILAGE SQUARE ENYIGBA,Amagu / Enyigba,Abakaliki,,,
11/01/04/014,NDIAGU NWE DEDEAGU C.P.S,Amagu / Enyigba,Abakaliki,,6.3281443,8.1041807
11/01/04/015,OFEREKPE VILLAGE SQUARE,Amagu / Enyigba,Abakaliki,,,
11/01/04/016,EDUKWU AWOKEVILLAGE SQ.,Amagu / Enyigba,Abakaliki,,6.3859518,8.0114112
11/01/04/017,EDUKWU AGALEG VIL. SQ,Amagu / Enyigba,Abakaliki,,6.3859518,8.0114112
11/01/04/018,AMAECHARA VILLAGE SQ,Amagu / Enyigba,Abakaliki,,,
11/01/04/019,ELIAGBALA VILLAGE,Amagu / Enyigba,Abakaliki,,6.3859518,8.0114112
11/01/04/020,OKPOTOKUM VILLAGE SQ.,Amagu / Enyigba,Abakaliki,,6.3281443,8.1041807
11/01/04/021,NWAFIAOGA P/G,Amagu / Enyigba,Abakaliki,,6.3859518,8.0114112
11/01/04/022,OLUA VILLAGE VILLAGE SQ.,Amagu / Enyigba,Abakaliki,,,
11/01/04/023,NDIAKOCHI ENYIGBA PRY.SCH.,Amagu / Enyigba,Abakaliki,,6.3309358,8.1200300
11/01/04/024,ENWUAGBA ENYIGBA PRY SCH.,Amagu / Enyigba,Abakaliki,,6.2029202,8.1352213
11/01/05/001,OKPUITUMO PLAY GROUND,Amagu Unuhu,Abakaliki,,6.3381727,8.0607114
11/01/05/002,CUSTOMARY COURT NKWEGU,Amagu Unuhu,Abakaliki,,6.3301163,8.1075761
11/01/05/003,NKWEGU PRIMARY SCHOOL,Amagu Unuhu,Abakaliki,,6.2582934,8.1106742
11/01/05/004,EZZA INYIMAGU PLAY GROUND,Amagu Unuhu,Abakaliki,,5.9915150,7.7675920
11/01/05/005,C.P.S AMAGU ONICHA,Amagu Unuhu,Abakaliki,,6.2491510,8.1229329
11/01/05/006,NDUNWAMINI VILLAGE SQUARE,Amagu Unuhu,Abakaliki,,6.2947884,8.1014533
11/01/05/007,AMACHI UNUHU VILLAGE SQUARE,Amagu Unuhu,Abakaliki,,6.2491510,8.1229329
11/01/05/008,IGBEAGU UNUHU VILLAGE SQUARE,Amagu Unuhu,Abakaliki,,6.2491510,8.1229329
11/01/05/009,OBEAGU AMAGU ONICHA,Amagu Unuhu,Abakaliki,,6.2491510,8.1229329
11/01/05/010,EDUKWU AMAGU ONICHA,Amagu Unuhu,Abakaliki,,6.2491510,8.1229329
11/01/05/011,ACHI VILLAGE SQUARE,Amagu Unuhu,Abakaliki,,,
11/01/05/012,EDUFU EMERIKE NDUOGBU,Amagu Unuhu,Abakaliki,,6.2491510,8.1229329
11/01/05/013,BOREHOLE P/G IGBEAGU,Amagu Unuhu,Abakaliki,,6.3452496,8.0838019
11/01/05/014,NDUFU OGBAGA NWUGURU,Amagu Unuhu,Abakaliki,,6.1317758,8.1412983
11/01/05/015,LOCAL EDUCATION AUTHORITY,Amagu Unuhu,Abakaliki,,6.2996666,8.1164929
11/01/05/016,EDUFU AKPUTU NDUAKURU,Amagu Unuhu,Abakaliki,,6.2491510,8.1229329
11/01/05/017,EDUFU AKPU NDUAKURU,Amagu Unuhu,Abakaliki,,6.3859518,8.0114112
11/01/05/018,NWEDUFU OBEGU,Amagu Unuhu,Abakaliki,,6.2491510,8.1229329
11/01/05/019,EDUPHU OBASHI AMACHI,Amagu Unuhu,Abakaliki,,6.3859518,8.0114112
11/01/05/020,EDUPHU ACHI IGBEAGU,Amagu Unuhu,Abakaliki,,6.2491510,8.1229329
11/01/05/021,NDIEZE INYIMAGU VILLAGE SQ.,Amagu Unuhu,Abakaliki,,6.3281443,8.1041807
11/01/06/001,IGWEORIE OPEN SPACE I,Azumini/Azugwu,Abakaliki,,6.3256986,8.0799691
11/01/06/002,IGWEORIE OPEN SPACE II,Azumini/Azugwu,Abakaliki,,6.3256986,8.0799691
11/01/06/003,IGWEORIE OPEN SPACE III,Azumini/Azugwu,Abakaliki,,6.3256986,8.0799691
11/01/06/004,EBSU GUEST HOUSE I,Azumini/Azugwu,Abakaliki,,6.3268447,8.1274340
11/01/06/005,EBSU GUEST HOUSE II,Azumini/Azugwu,Abakaliki,,6.3268447,8.1274340
11/01/06/006,AZUGWU/ABACHA JUNCTION,Azumini/Azugwu,Abakaliki,,6.3294078,8.1280277
11/01/06/007,ALL SAINTS PRIMARY SCHOOL,Azumini/Azugwu,Abakaliki,,6.3224244,8.1076745
11/01/06/008,HILL TOP/WATER WORKS,Azumini/Azugwu,Abakaliki,,6.3284565,8.1210348
11/01/06/009,ELIAS ODILI/ACHI JUNCTION,Azumini/Azugwu,Abakaliki,,6.3295851,8.1199962
11/01/06/010,EBSU PRIMARY SCHOOL A,Azumini/Azugwu,Abakaliki,,6.3255517,8.1287469
11/01/06/011,EBSU PRIMARY SCH B,Azumini/Azugwu,Abakaliki,,6.3255517,8.1287469
11/01/06/012,AZUGWU /ABACHA JUNCTION II,Azumini/Azugwu,Abakaliki,,6.3294144,8.1270288
11/01/06/013,2ND BOREHOLE,Azumini/Azugwu,Abakaliki,,,
11/01/06/014,ABACHA STREET ASSEMBLY,Azumini/Azugwu,Abakaliki,,6.3307927,8.1292139
11/01/06/015,ALL SAINTS PRIMARY SCHOOL II,Azumini/Azugwu,Abakaliki,,6.3224244,8.1076745
11/01/06/016,ALL SAINTS PRIMARY SCHOOL III,Azumini/Azugwu,Abakaliki,,6.3224244,8.1076745
11/01/06/017,HILLTOP/WATER WORKS 11,Azumini/Azugwu,Abakaliki,,,
11/01/06/018,HILL TOP WATER WORKS 111,Azumini/Azugwu,Abakaliki,,,
11/01/06/019,ACHI JUNCTION BY UDEMEZUE,Azumini/Azugwu,Abakaliki,,6.3256986,8.0799691
11/01/07/001,ST.THERESAS PRIMARY SCHOOL,Azuiyiokwu Layout,Abakaliki,,6.3168298,8.1097677
11/01/07/002,EZIKWO PRIMARY SCHOOLI,Azuiyiokwu Layout,Abakaliki,,6.3137096,8.1075132
11/01/07/003,EZIKWO PRIMARY SCHOOLII,Azuiyiokwu Layout,Abakaliki,,6.3137096,8.1075132
11/01/07/004,ARONDIZIUGU HALL,Azuiyiokwu Layout,Abakaliki,,6.3243312,8.1116745
11/01/07/005,ADMIN COMM COLLEGE I,Azuiyiokwu Layout,Abakaliki,,6.3137727,8.1120990
11/01/07/006,ADMIN COMM COLLEGE II,Azuiyiokwu Layout,Abakaliki,,6.3251168,8.1280236
11/01/07/007,URBAN CENTER PRIMARY SCHOOL,Azuiyiokwu Layout,Abakaliki,,6.3175504,8.1163134
11/01/07/008,CINEMAHALL,Azuiyiokwu Layout,Abakaliki,,6.3121710,8.1148525
11/01/07/009,AROCHUKWU LANE/OGOJA RD.,Azuiyiokwu Layout,Abakaliki,,6.3197321,8.1109667
11/01/07/010,EBSU TEACHING HOSPITAL,Azuiyiokwu Layout,Abakaliki,,6.3214176,8.0920663
11/01/07/011,ST.THERESAS PRIMARY SCHOOL 11,Azuiyiokwu Layout,Abakaliki,,6.3168298,8.1097677
11/01/07/012,ONITSHA SOUTH OPEN SPACE 1,Azuiyiokwu Layout,Abakaliki,,,
11/01/07/013,ONITSHA SOUTH OPEN SPACE II,Azuiyiokwu Layout,Abakaliki,,6.3150622,8.1086945
11/01/07/014,EZIKWO PRIMARY SCH.III,Azuiyiokwu Layout,Abakaliki,,6.3137727,8.1120990
11/01/07/015,EZIKWO PRIMARY SCH.IV,Azuiyiokwu Layout,Abakaliki,,6.3137096,8.1075132
11/01/07/016,ARONDIZOGU HALL II,Azuiyiokwu Layout,Abakaliki,,6.3243312,8.1116745
11/01/07/017,NISE STREET /UYAMMADU OPEN,Azuiyiokwu Layout,Abakaliki,,6.3137727,8.1120990
11/01/07/018,ONWU EGBUNA OPEN SPACE,Azuiyiokwu Layout,Abakaliki,,6.3137727,8.1120990
11/01/07/019,AROCHUKWU LANE II,Azuiyiokwu Layout,Abakaliki,,6.3205534,8.1038218
11/01/07/020,EBSU TEACHING HOSPITAL A,Azuiyiokwu Layout,Abakaliki,,6.3214176,8.0920663
11/01/07/021,EBSU TEACHING HOSPITAL B/FIDE MBAM,Azuiyiokwu Layout,Abakaliki,,6.3214176,8.0920663
11/01/07/022,AKAM STREET OPEN SPACE,Azuiyiokwu Layout,Abakaliki,,6.3185570,8.0855422
11/01/07/023,EZZA ROAD OPENSPACE,Azuiyiokwu Layout,Abakaliki,,6.3256769,8.0778545
11/01/08/001,UDOKA HALL I,Azuiyi Udene,Abakaliki,,6.3251227,8.1223796
11/01/08/002,UDOKA HALL II,Azuiyi Udene,Abakaliki,,,
11/01/08/003,NWANNEDINAMBA HALL,Azuiyi Udene,Abakaliki,,6.3281443,8.1041807
11/01/08/004,SYNO GUEST HOUSE,Azuiyi Udene,Abakaliki,,6.3165322,8.1220143
11/01/08/005,4B ONWUEGBUNA OPEN SPACE,Azuiyi Udene,Abakaliki,,6.3082627,8.1254947
11/01/08/006,6 IBEME STR. OPEN SQUARE,Azuiyi Udene,Abakaliki,,6.3170979,8.1204723
11/01/08/007,IYIUDENE MARKET OFFICE I,Azuiyi Udene,Abakaliki,,6.3241852,8.1214764
11/01/08/008,IYIUDENE MARKET OFFICE II,Azuiyi Udene,Abakaliki,,6.3241852,8.1214764
11/01/08/009,IYIUDENE SQUARE I,Azuiyi Udene,Abakaliki,,6.3230584,8.1120584
11/01/08/010,IYIUDENE SQUARE II,Azuiyi Udene,Abakaliki,,6.3230584,8.1120584
11/01/08/011,NKWOGU STR. OPEN SPACE,Azuiyi Udene,Abakaliki,,6.3230584,8.1120584
11/01/08/012,EBSU NURSERY SCHOOL,Azuiyi Udene,Abakaliki,,6.3255517,8.1287469
11/01/08/013,JIMMY OKONKWO PARK,Azuiyi Udene,Abakaliki,,6.3224502,8.1225835
11/01/08/014,EJIDIKE/AGULU CHUKWU JUNCTIOIN,Azuiyi Udene,Abakaliki,,6.3175350,8.1283942
11/01/08/015,EKE ABBA MKT I,Azuiyi Udene,Abakaliki,,6.3238521,8.1219109
11/01/08/016,EKE ABBA MKT II,Azuiyi Udene,Abakaliki,,6.3238521,8.1219109
11/01/08/017,UDOKA HALL III,Azuiyi Udene,Abakaliki,,,
11/01/08/018,EBENEBE TOWN HALL,Azuiyi Udene,Abakaliki,,6.3156948,8.1220555
11/01/08/019,IBEME OPEN SPACE II,Azuiyi Udene,Abakaliki,,6.3240000,8.1280370
11/01/09/001,IBULA PLAY GROUND,Edda,Abakaliki,,6.3499363,8.1068807
11/01/09/002,OKPODUMA VILLAGE SQUARE,Edda,Abakaliki,,6.3281443,8.1041807
11/01/09/003,ONUAKPARA MKT SQAURE,Edda,Abakaliki,,6.3090585,8.1269838
11/01/09/004,UKWUMANGO IZICHA,Edda,Abakaliki,,6.3802539,8.0222252
11/01/09/005,EFUNEFUNE PLAY GROUND,Edda,Abakaliki,,6.3499363,8.1068807
11/01/09/006,ODAGERIDA PRIMARY SCHOOL,Edda,Abakaliki,,6.3360296,8.0880138
11/01/09/007,NDIEKPE OFUTU SQUARE,Edda,Abakaliki,,6.3316233,8.0911334
11/01/09/008,INYARINYA PRIMARY SCHOOL,Edda,Abakaliki,,6.3137727,8.1120990
11/01/09/009,OKARIA ECHI PRIMARY SCHOOL I,Edda,Abakaliki,,6.3137096,8.1075132
11/01/09/010,OHATEKWE PLAY GROUND,Edda,Abakaliki,,6.3499363,8.1068807
11/01/09/011,OBOVU PLAY GROUND,Edda,Abakaliki,,6.3381727,8.0607114
11/01/09/012,OKARIA EDDA,Edda,Abakaliki,,6.2881102,8.3447817
11/01/09/013,OKARIA ECHI PRIMARY SCHOOL II,Edda,Abakaliki,,6.3137096,8.1075132
11/01/09/014,NDIOFUTU AZUOFIA P/G,Edda,Abakaliki,,6.3157097,8.1262152
11/01/09/015,ODAGERI OKPANGWU P/G,Edda,Abakaliki,,6.3157097,8.1262152
11/01/09/016,NDIEDE P/G OPHENA EDDA,Edda,Abakaliki,,5.8270716,7.8615327
11/01/09/017,NDIANUMACHA EDDA MARKET SQ,Edda,Abakaliki,,6.3316233,8.0911334
11/01/10/001,EDUKWU INYIMAGU HALL,Izzi Unuhu,Abakaliki,,6.3281443,8.1041807
11/01/10/002,EDUKWU ODABARA,Izzi Unuhu,Abakaliki,,6.2964597,8.1283942
11/01/10/003,NKALIKI ECHERA PRIMARY SCHOOL I,Izzi Unuhu,Abakaliki,,6.2956696,8.0868580
11/01/10/004,NKALIKI ECHERA PRIMARY SCHOOL II,Izzi Unuhu,Abakaliki,,6.2956696,8.0868580
11/01/10/005,EDUKWU OKPOKWU,Izzi Unuhu,Abakaliki,,6.2964597,8.1283942
11/01/10/006,EDUKWU OKPUNKALIKI,Izzi Unuhu,Abakaliki,,6.2964597,8.1283942
11/01/10/007,EDUKWU IBINA ALIKE,Izzi Unuhu,Abakaliki,,6.2964597,8.1283942
11/01/10/008,EDUKWU NWOGE,Izzi Unuhu,Abakaliki,,6.2964597,8.1283942
11/01/10/009,AZIMA VILLAGE SQUAURE,Izzi Unuhu,Abakaliki,,6.5367195,8.2850402
11/01/10/010,NDIOFUTU PLAY GROUND,Izzi Unuhu,Abakaliki,,6.1619999,8.2950968
11/01/10/011,ONUEBONYI PLAY GROUND,Izzi Unuhu,Abakaliki,,6.3187226,8.1415943
11/01/10/012,OGWUDENYI PLAY GROUND,Izzi Unuhu,Abakaliki,,6.3090585,8.1269838
11/01/10/013,NWAZUNKU ACHI JUNCTION,Izzi Unuhu,Abakaliki,,6.3230584,8.1120584
11/01/10/014,IZUNDU OPEN SAPCE,Izzi Unuhu,Abakaliki,,6.2964597,8.1283942
11/01/10/015,ONUIYIOKWU/INYIMAGU JUNCTION,Izzi Unuhu,Abakaliki,,6.2964597,8.1283942
11/01/10/016,AZUIYIOKWU PRIMARY SCHOOL,Izzi Unuhu,Abakaliki,,6.3137727,8.1120990
11/01/10/017,NWUMAFI CUSTOMARY COURT,Izzi Unuhu,Abakaliki,,6.3301163,8.1075761
11/01/10/018,ONUOFIA P/G,Izzi Unuhu,Abakaliki,,6.2964597,8.1283942
11/01/10/019,EDUKWU OCHA P/G,Izzi Unuhu,Abakaliki,,6.5367195,8.2850402
11/01/10/020,NNODO GUEST HOUSE JUNCTION,Izzi Unuhu,Abakaliki,,6.3334144,8.1000112
11/01/10/021,ONU - OTEBOR JUNCTION,Izzi Unuhu,Abakaliki,,6.3187226,8.1415943
11/01/10/022,NKALIKI ECHARA PRY SCHL III,Izzi Unuhu,Abakaliki,,6.2956696,8.0868580
11/01/10/023,OBEAGU JUNCTION,Izzi Unuhu,Abakaliki,,6.1390400,7.4374437
11/01/10/024,HATCHERY JUNCTION,Izzi Unuhu,Abakaliki,,6.3090585,8.1269838
11/01/10/025,AKPARATA NDEKPA P/G,Izzi Unuhu,Abakaliki,,6.2977387,8.0903941
11/01/10/026,AGBAJA UNUHU PRY SCH.,Izzi Unuhu,Abakaliki,,6.3416386,8.1263642
11/01/10/027,UNAGBOKE PRY SCH,Izzi Unuhu,Abakaliki,,6.3137727,8.1120990
11/01/10/028,EDUKWU IROKO P/G,Izzi Unuhu,Abakaliki,,6.3228432,8.1978177
11/01/10/029,EDUKWU EKERU,Izzi Unuhu,Abakaliki,,6.2964597,8.1283942
11/01/10/030,EDUKWU AKPARATA,Izzi Unuhu,Abakaliki,,6.2964597,8.1283942
11/01/10/031,CHINWE ELOM BY TRANSFORMER,Izzi Unuhu,Abakaliki,,6.3859518,8.0114112
11/01/10/032,OBAMA JUNCTION,Izzi Unuhu,Abakaliki,,6.3159492,8.1357983
11/01/10/033,AZUIYIOKWU PRY SCH.II,Izzi Unuhu,Abakaliki,,6.3137727,8.1120990
11/01/11/001,OWERRI HALL I,Ndiagu,Abakaliki,,6.3211662,8.1159332
11/01/11/002,OWERRI HALL II,Ndiagu,Abakaliki,,6.3211662,8.1159332
11/01/11/003,OWERRI HALL III,Ndiagu,Abakaliki,,6.3211662,8.1159332
11/01/11/004,EBOTRANS OPEN SPACE,Ndiagu,Abakaliki,,,
11/01/11/005,UMULERI OPEN SPACE,Ndiagu,Abakaliki,,6.3075562,8.1002529
11/01/11/006,ANYAIWO OPEN SPACE,Ndiagu,Abakaliki,,6.3232532,8.1155359
11/01/11/007,NKANU OPEN SPACE,Ndiagu,Abakaliki,,6.3859518,8.0114112
11/01/11/008,UMULERI JUNCTION OPEN SPACE,Ndiagu,Abakaliki,,6.3256986,8.0799691
11/01/11/009,ST. THERESAS JUNCTION OPEN SPACE I,Ndiagu,Abakaliki,,6.3179852,8.1173527
11/01/11/010,ST. THERESAS JUNCTION OPEN SPACE II,Ndiagu,Abakaliki,,6.3179852,8.1173527
11/01/11/011,WATER WORKS OPEN SPACE I,Ndiagu,Abakaliki,,6.3249784,8.1118906
11/01/11/012,WATER WORKS OPEN SPACE II,Ndiagu,Abakaliki,,6.3249784,8.1118906
11/01/11/013,OBODOUKWU OPEN SPACE,Ndiagu,Abakaliki,,6.3468249,8.1092816
11/01/11/014,OBI/OBIRI OPEN SPACE,Ndiagu,Abakaliki,,6.3110145,8.1014415
11/01/11/015,ORAERI HALL I,Ndiagu,Abakaliki,,6.3211662,8.1159332
11/01/11/016,ORAERI HALL II,Ndiagu,Abakaliki,,6.3211662,8.1159332
11/01/11/017,AFIKPO / OBIRI STR.JUNCTION,Ndiagu,Abakaliki,,6.3205670,8.1158871
11/01/11/018,AFIKPO/ BREAKENBURY,Ndiagu,Abakaliki,,6.3219839,8.1162810
11/01/11/019,AFIKPO STREET OWERRI JUNCTION,Ndiagu,Abakaliki,,6.3229631,8.1165771
11/01/11/020,EBOTRANS OPEN SPACE II,Ndiagu,Abakaliki,,,
11/01/11/021,NKWOGU JUNCTION OPEN SPACE,Ndiagu,Abakaliki,,6.3230584,8.1120584
11/01/11/022,ST. THERESA JUNCTION III,Ndiagu,Abakaliki,,6.3188950,8.1173790
11/01/11/023,AFIKPO/ CALABAR STREET JUNCTION,Ndiagu,Abakaliki,,6.3242307,8.1170045
11/01/11/024,OJEOWERRI/WATER WORKS JUNCTION,Ndiagu,Abakaliki,,6.3859518,8.0114112
11/01/11/025,WATER WORKS OPEN SPACE III,Ndiagu,Abakaliki,,6.3379261,8.0713379
11/01/11/026,WATER WORKS OPEN SPACE IV,Ndiagu,Abakaliki,,6.3252529,8.1154237
11/01/11/027,OBI/EZIONWE JUNCTION,Ndiagu,Abakaliki,,6.3110145,8.1014415
11/01/12/001,NDIGWE PLAY GROUND,Okpoitumo Ndebor,Abakaliki,,6.2231581,8.2583588
11/01/12/002,HIGH HILL PRIMARY SCHOOL,Okpoitumo Ndebor,Abakaliki,,6.3175504,8.1163134
11/01/12/003,IGIDIAGU PRIMARY SCHOOL,Okpoitumo Ndebor,Abakaliki,,6.3137727,8.1120990
11/01/12/004,NKEMDIRIM/NDIOKENYI,Okpoitumo Ndebor,Abakaliki,,6.2633270,8.2267665
11/01/12/005,NDIOKENYI VILLAGE SQUARE,Okpoitumo Ndebor,Abakaliki,,6.3281443,8.1041807
11/01/12/006,NDEBOR OKPOITUMO MKT,Okpoitumo Ndebor,Abakaliki,,6.2633270,8.2267665
11/01/12/007,NDIMBAM PLAY GROUND,Okpoitumo Ndebor,Abakaliki,,6.2274593,8.2532832
11/01/12/008,OBEAGU OKPUITUMO,Okpoitumo Ndebor,Abakaliki,,6.2633270,8.2267665
11/01/12/009,SHED EKORI,Okpoitumo Ndebor,Abakaliki,,6.3059941,8.0984999
11/01/12/010,OBEGU ODELIABO SHADE,Okpoitumo Ndebor,Abakaliki,,6.3210221,8.1149725
11/01/12/011,NDIEBOR OMEGE AZUDA,Okpoitumo Ndebor,Abakaliki,,6.3859518,8.0114112
11/01/12/012,EDUPFU MBA OFFIA P/G,Okpoitumo Ndebor,Abakaliki,,6.3196370,8.0886301
11/01/13/001,NWALAGBA MKT SQUARE,Okpoitumo Ndiegu,Abakaliki,,6.3090585,8.1269838
11/01/13/002,EGWUDINAGU NDIEBOR,Okpoitumo Ndiegu,Abakaliki,,6.2407263,8.3252705
11/01/13/003,UWALAKANDE NDIAGU SQUARE,Okpoitumo Ndiegu,Abakaliki,,6.2407263,8.3252705
11/01/13/004,OHATEKWE NDIAGU,Okpoitumo Ndiegu,Abakaliki,,6.2407263,8.3252705
11/01/13/005,OKWUNYIRIONU PRIMARY SCHOOL I,Okpoitumo Ndiegu,Abakaliki,,6.3137727,8.1120990
11/01/13/006,OKWUNYIRIONU PRIMARY SCHOOL II,Okpoitumo Ndiegu,Abakaliki,,6.3137727,8.1120990
11/01/13/007,OVUOBA PRIMARY SCHOOL,Okpoitumo Ndiegu,Abakaliki,,6.3137727,8.1120990
11/01/13/008,EDDY NWOGBA JUNCTION EPHANYIM,Okpoitumo Ndiegu,Abakaliki,,6.3192928,8.1190336
11/01/13/009,COMMUNITY SECONDARY SCHOOL OMAKORE,Okpoitumo Ndiegu,Abakaliki,,6.3234681,8.0479004
11/01/13/010,AZUOFIA COMM.SEC. SCHOOL EGWUAGU,Okpoitumo Ndiegu,Abakaliki,,6.3234681,8.0479004
11/01/13/011,OKWERIKE PRIMARYSCHOOL II,Okpoitumo Ndiegu,Abakaliki,,6.3137096,8.1075132
11/01/13/012,AZUFFIA COMM.PRIMARY SCHOOL ENYADULOGU,Okpoitumo Ndiegu,Abakaliki,,6.3137727,8.1120990
11/01/13/013,NWORIE MARKET SQUARE NWORJI,Okpoitumo Ndiegu,Abakaliki,,6.3090585,8.1269838
11/01/13/014,ODELIGBO P/G,Okpoitumo Ndiegu,Abakaliki,,6.3256986,8.0799691
11/01/13/015,AGARAMUGO SECONDARY SCH.,Okpoitumo Ndiegu,Abakaliki,,6.3492138,8.1066139
11/01/14/001,AKPARATA PLAY GROUND,Timber Shed,Abakaliki,,5.9939930,7.8811026
11/01/14/002,TIMBER SHED SQUARE,Timber Shed,Abakaliki,,,
11/01/14/003,OKPOSHI STR NURSERY SCHOOL,Timber Shed,Abakaliki,,6.3016962,8.0987751
11/01/14/004,NKALIKI/ NZEKWE,Timber Shed,Abakaliki,,6.3022076,8.0945665
11/01/14/005,EBSU PRESCO CAMPUS,Timber Shed,Abakaliki,,6.3256769,8.0778545
11/01/14/006,MURTALA MOHAMMED,Timber Shed,Abakaliki,,6.3101834,8.0929034
11/01/14/007,NWIGBOAGU SQUARE,Timber Shed,Abakaliki,,6.3101834,8.0929034
11/01/14/008,AFOEZUNA STR SQUARE,Timber Shed,Abakaliki,,6.3101834,8.0929034
11/01/14/009,ALIKE SQUARE,Timber Shed,Abakaliki,,6.3247397,8.0801098
11/01/14/010,EZINIFITE PLAY GROUND,Timber Shed,Abakaliki,,6.3101834,8.0929034
11/01/14/011,EGBE ALIEZE OPEN SPACE,Timber Shed,Abakaliki,,6.2240340,8.0983596
11/01/14/012,NKALIKI ROAD JUNCTION,Timber Shed,Abakaliki,,6.3312038,8.0782317
11/01/14/013,IZZI NNODO YOUTH P/G,Timber Shed,Abakaliki,,6.2240340,8.0983596
11/01/14/014,TIMBER SHED II,Timber Shed,Abakaliki,,6.3101834,8.0929034
11/01/14/015,OKPOSI STREET NURSERY II,Timber Shed,Abakaliki,,6.2240340,8.0983596
11/01/14/016,OKPOSI STREET BY EXPRESS,Timber Shed,Abakaliki,,6.3145468,8.1079373
11/01/14/017,OKPOSI STREET BY EXPRESS OPEN SPACE,Timber Shed,Abakaliki,,6.0342768,7.8207636
11/01/14/018,UKWUAKPARATA/POLICE POST,Timber Shed,Abakaliki,,6.3300585,8.1068929
11/01/14/019,UMUOBOM JUNCTION,Timber Shed,Abakaliki,,6.3101834,8.0929034
11/01/14/020,EBSU PRESCO CAMPUS II,Timber Shed,Abakaliki,,6.3256769,8.0778545
11/01/14/021,EBSU PRESCO CAMPUS III,Timber Shed,Abakaliki,,6.3256769,8.0778545
11/01/14/022,EBSU PRESCO CAMPUS IV,Timber Shed,Abakaliki,,6.3256769,8.0778545
11/01/14/023,PROGRESS JUNCTION BY AGUOGBORIGA,Timber Shed,Abakaliki,,6.3285717,8.1047586
11/01/14/024,DEMOCRACY PRIMARY SCHOOL I,Timber Shed,Abakaliki,,6.3206479,8.0837894
11/01/14/025,DEMOCRACY PRIMARY SCHOOL II,Timber Shed,Abakaliki,,6.3206479,8.0837894
11/01/14/026,FUNAI JUPEB CENTRE AGUOGBORIGA,Timber Shed,Abakaliki,,6.3254409,8.0931796
11/01/14/027,DEMOCRACY STAFF QUARTERS,Timber Shed,Abakaliki,,6.3219316,8.0844139
11/01/14/028,HAUSA QUARTERS JUNCTION,Timber Shed,Abakaliki,,6.2927769,8.0987872
11/01/14/029,OKPOKORU JUNCTION BY EBBC,Timber Shed,Abakaliki,,6.2240340,8.0983596
11/01/14/030,AGUOGBORIGA BY GLO MAST,Timber Shed,Abakaliki,,6.3196370,8.0886301
11/01/14/031,IFEANI IKE JUNCTION,Timber Shed,Abakaliki,,6.2240340,8.0983596
11/01/14/032,AFOEZUNA STREET BY EXPRESS,Timber Shed,Abakaliki,,6.3106686,8.0989229
11/01/14/033,EEDC FRONTAGE,Timber Shed,Abakaliki,,6.3066644,8.0994964
11/01/14/034,NNACHI STREET JUNCTION,Timber Shed,Abakaliki,,6.2240340,8.0983596
11/01/14/035,UCHE STREET / OFFIA UKWU JUNCTION,Timber Shed,Abakaliki,,6.3001409,8.0991826
11/02/01/001,AMACHI PLAY GROUND I,Amata-Akpoha,Afikpo North,,5.9732670,7.9554161
11/02/01/002,AMACHI PLAY GROUND II,Amata-Akpoha,Afikpo North,,5.9732670,7.9554161
11/02/01/003,EZIMBA PLAY GROUND,Amata-Akpoha,Afikpo North,,5.8878902,7.9314031
11/02/01/004,EVUKO VILLAGE SQUARE,Amata-Akpoha,Afikpo North,,5.9588320,7.9633924
11/02/01/005,EVUKO SQUARE,Amata-Akpoha,Afikpo North,,5.8817539,7.9357090
11/02/01/006,EZIMBA SQUARE,Amata-Akpoha,Afikpo North,,5.9588320,7.9633924
11/02/01/007,AMATA ELU PLAY GROUND,Amata-Akpoha,Afikpo North,,5.9724544,7.9567974
11/02/01/008,AMAOZARA VILLAGE SQUARE I,Amata-Akpoha,Afikpo North,,,
11/02/01/009,AMAOZARA VILLAGE SQUARE II,Amata-Akpoha,Afikpo North,,,
11/02/01/010,AMAGU PLAY GROUND I,Amata-Akpoha,Afikpo North,,5.9695475,7.9542924
11/02/01/011,AMAGU PLAY GROUND II,Amata-Akpoha,Afikpo North,,5.9695475,7.9542924
11/02/01/012,AMAEGBU SQUARE,Amata-Akpoha,Afikpo North,,5.9588320,7.9633924
11/02/02/001,EZI URO PLAY GROUND,Amogu Akpoha,Afikpo North,,5.9662806,7.9711465
11/02/02/002,EZI EBIAKPU PLAY GROUND,Amogu Akpoha,Afikpo North,,5.8312737,7.9282347
11/02/02/003,AMAOGU PLAY GROUND,Amogu Akpoha,Afikpo North,,5.9612070,7.9753550
11/02/02/004,EZI ENI VILLAGE SQUARE,Amogu Akpoha,Afikpo North,,5.9588320,7.9633924
11/02/02/005,EZI ETEE UGO PLAY GROUND,Amogu Akpoha,Afikpo North,,5.8312737,7.9282347
11/02/02/006,EVOAKPU/OKEVO SQUARE,Amogu Akpoha,Afikpo North,,5.9588320,7.9633924
11/02/02/007,EZI UDU UCHE V. SQUARE,Amogu Akpoha,Afikpo North,,5.9588320,7.9633924
11/02/02/008,EZI OBOTI VILLAGE SQUARE,Amogu Akpoha,Afikpo North,,5.9588320,7.9633924
11/02/02/009,EZI OKO VILLAGE SQUARE I,Amogu Akpoha,Afikpo North,,5.9588320,7.9633924
11/02/02/010,EZI OKO VILLAGE SQUARE II,Amogu Akpoha,Afikpo North,,5.9588320,7.9633924
11/02/02/011,EZI ALU AGBO PLAY GROUND,Amogu Akpoha,Afikpo North,,5.8878902,7.9314031
11/02/02/012,AMOGU PLAY GROUND 11,Amogu Akpoha,Afikpo North,,5.9612070,7.9753550
11/02/02/013,OKOTUM VILLAGE SQUARE,Amogu Akpoha,Afikpo North,,5.8910940,7.9306863
11/02/03/001,AMAEKUMA PLAY GROUND,Ezeke Amasiri,Afikpo North,,5.9149296,7.8827572
11/02/03/002,EZEKE PRIMARY SCHOOL,Ezeke Amasiri,Afikpo North,,5.9221741,7.8816456
11/02/03/003,ORIE MARKET SQAURE,Ezeke Amasiri,Afikpo North,,5.9165056,7.8838682
11/02/03/004,OGO UBI PRIMARY SCHOOL,Ezeke Amasiri,Afikpo North,,5.9274296,7.8834034
11/02/03/005,AMA OKPU VILLAGE SQUARE,Ezeke Amasiri,Afikpo North,,5.9077275,7.8834800
11/02/03/006,AMACHI NDUKWE VILLAGE SQUARE,Ezeke Amasiri,Afikpo North,,5.9210462,7.8805949
11/02/03/007,AMAOZARA NDUKWE SQUARE,Ezeke Amasiri,Afikpo North,,5.9210462,7.8805949
11/02/03/008,AMUJI NDUKWE VILLAGE SQUARE,Ezeke Amasiri,Afikpo North,,5.9210462,7.8805949
11/02/03/009,OGO AMAOGWUGWU,Ezeke Amasiri,Afikpo North,,5.8910940,7.9306863
11/02/03/010,AMURO,Ezeke Amasiri,Afikpo North,,5.8780077,7.9306863
11/02/03/011,AMEBO NDUKWE VILLAGE SQUARE,Ezeke Amasiri,Afikpo North,,5.9210462,7.8805949
11/02/03/012,AKANTO PRIMARY SCHOOL,Ezeke Amasiri,Afikpo North,,5.9276578,7.8806305
11/02/03/013,OGO IKORO EZEKE,Ezeke Amasiri,Afikpo North,,5.9221741,7.8816456
11/02/03/014,OGO AMAOZARA EZEKE,Ezeke Amasiri,Afikpo North,,5.9210462,7.8805949
11/02/03/015,OGBETA AMAUKWU EZEKE,Ezeke Amasiri,Afikpo North,,5.9047404,7.8776532
11/02/03/016,OGO AMAOKPUELU,Ezeke Amasiri,Afikpo North,,,
11/02/03/017,NDE AKPU AMUJI PLAYGROUND,Ezeke Amasiri,Afikpo North,,5.9047404,7.8776532
11/02/04/001,IHUOGO VILLAGE SQUARE,Poperi Amasiri,Afikpo North,,5.8910940,7.9306863
11/02/04/002,EZI OTU VILLAGE SQUARE,Poperi Amasiri,Afikpo North,,5.9077275,7.8834800
11/02/04/003,OHAUKWU VILLAGE SQUARE,Poperi Amasiri,Afikpo North,,5.8910940,7.9306863
11/02/04/004,UHERE VILLAGE SQUARE,Poperi Amasiri,Afikpo North,,5.9077275,7.8834800
11/02/04/005,OBENNE HALL,Poperi Amasiri,Afikpo North,,5.9077275,7.8834800
11/02/04/006,EZI EGWU OKEHIE,Poperi Amasiri,Afikpo North,,5.9047404,7.8776532
11/02/04/007,OGWU UHIE VILLAGE SQUARE,Poperi Amasiri,Afikpo North,,5.8910940,7.9306863
11/02/04/008,AMASIRI MOTOR PARK,Poperi Amasiri,Afikpo North,,5.9078299,7.8834200
11/02/04/009,IHIE AGBO VILLAGE SQUARE I,Poperi Amasiri,Afikpo North,,5.9077275,7.8834800
11/02/04/010,IHIE AGBO VILLAGE SQUARE II,Poperi Amasiri,Afikpo North,,5.9077275,7.8834800
11/02/04/011,IHIE VILLAGE SQUARE,Poperi Amasiri,Afikpo North,,,
11/02/04/012,CENTRAL SCH. OZARA,Poperi Amasiri,Afikpo North,,5.9047404,7.8776532
11/02/04/013,IHIE FIELD II,Poperi Amasiri,Afikpo North,,5.9077275,7.8834800
11/02/04/014,MODEL PRI. SCH. POPERI AMASIRI,Poperi Amasiri,Afikpo North,,5.9090401,7.8881902
11/02/04/015,OGO AMANGWU,Poperi Amasiri,Afikpo North,,5.8439075,7.8600211
11/02/04/016,OHIGIHIA OHAECHARA,Poperi Amasiri,Afikpo North,,5.9047404,7.8776532
11/02/04/017,ONU OGO EZI OMUME,Poperi Amasiri,Afikpo North,,5.9047404,7.8776532
11/02/04/018,OGO EZI ENI,Poperi Amasiri,Afikpo North,,5.8910940,7.9306863
11/02/05/001,MGBOM VILLAGE SQUARE I,Itim Afikpo,Afikpo North,,5.8312737,7.9282347
11/02/05/002,MGBOM VILLAGE SQUARE II,Itim Afikpo,Afikpo North,,5.8744746,7.9310115
11/02/05/003,MGBOM PLAY GROUND,Itim Afikpo,Afikpo North,,5.8793326,7.9308857
11/02/05/004,ECHARA MGBOM VILLAGE SQUARE II,Itim Afikpo,Afikpo North,,5.8312737,7.9282347
11/02/05/005,AMURO TOWN HALL,Itim Afikpo,Afikpo North,,5.8854999,7.9328196
11/02/05/006,AMURO MGBOM VILLAGE SQUARE,Itim Afikpo,Afikpo North,,,
11/02/05/007,AMURO VILLAGE SQUARE,Itim Afikpo,Afikpo North,,5.8312737,7.9282347
11/02/05/008,ENOHIA NKALU SQUARE,Itim Afikpo,Afikpo North,,5.8633266,7.9460267
11/02/05/009,ITIM UKWU PRIMARY SCHOOL,Itim Afikpo,Afikpo North,,5.8308200,7.9254700
11/02/05/010,KPOGHIRIKPO PLAY GROUND,Itim Afikpo,Afikpo North,,5.8228984,7.9290869
11/02/05/011,ENOHIA ITIM PLAY GROUND,Itim Afikpo,Afikpo North,,5.8312737,7.9282347
11/02/05/012,AMENU AMURO VILLAGE SQUARE,Itim Afikpo,Afikpo North,,5.8312737,7.9282347
11/02/05/013,AMEKE MGBOM VILLAGE SQUARE,Itim Afikpo,Afikpo North,,5.8312737,7.9282347
11/02/05/014,MGBOM VILLAGE SQUARE IV,Itim Afikpo,Afikpo North,,5.8744746,7.9310115
11/02/05/015,EZIAKPUTA TOWN HALL,Itim Afikpo,Afikpo North,,5.8312737,7.9282347
11/02/05/016,MGBOM TOWN HALL,Itim Afikpo,Afikpo North,,5.8901922,7.9733161
11/02/05/017,AMURO MGBOM COMM. PRI. SCHOOL,Itim Afikpo,Afikpo North,,5.8744746,7.9310115
11/02/05/018,AMURO MGBOM COMM. SEC. SCH.,Itim Afikpo,Afikpo North,,5.8878472,7.9283249
11/02/05/019,ONUOGO EZI AJA AMURO,Itim Afikpo,Afikpo North,,5.8312737,7.9282347
11/02/05/020,AMURO HEALTH CENTRE,Itim Afikpo,Afikpo North,,5.9161000,7.7959000
11/02/05/021,ONU-OGO- NDEMINYI SQUARE,Itim Afikpo,Afikpo North,,5.8312737,7.9282347
11/02/05/022,ITIM UKWU GENERAL HOSPITAL,Itim Afikpo,Afikpo North,,5.8406447,7.9269879
11/02/05/023,ENOHIA ITIM SECONDARY SCHOOL,Itim Afikpo,Afikpo North,,5.8357639,7.9229635
11/02/05/024,KPOGHIRIKPO PRIMARY SCHOOL HALL,Itim Afikpo,Afikpo North,,5.8256602,7.9238455
11/02/05/025,KPOGHIRIKPO BUSTOP,Itim Afikpo,Afikpo North,,5.8312737,7.9282347
11/02/05/026,ENOHIA ITIM PLAYGROUND II,Itim Afikpo,Afikpo North,,5.8312737,7.9282347
11/02/05/027,ENOHIA ITIM HEALTH CENTRE,Itim Afikpo,Afikpo North,,5.8312737,7.9282347
11/02/05/028,MGBOM COMM. PRIMARY SCHOOL,Itim Afikpo,Afikpo North,,5.8744746,7.9310115
11/02/05/029,MGBOM VILLAGE SQUARE V,Itim Afikpo,Afikpo North,,5.8910940,7.9306863
11/02/06/001,EZI AKPUEKE VILLAGE SQUARE,Ibii/Oziza Afikpo,Afikpo North,,5.9369771,7.9266015
11/02/06/002,AGBOGOHOUSE CIVIC CENTER,Ibii/Oziza Afikpo,Afikpo North,,5.9369771,7.9266015
11/02/06/003,EZI UDUMA VILLAGE SQUARE,Ibii/Oziza Afikpo,Afikpo North,,5.8803172,7.9420960
11/02/06/004,EZI UGWUTE PLAY GROUND,Ibii/Oziza Afikpo,Afikpo North,,5.8747034,7.9428989
11/02/06/005,AMATA/AMOGE TOWN HALL,Ibii/Oziza Afikpo,Afikpo North,,5.9081939,7.8908337
11/02/06/006,AMIKA/AMOGE CPS,Ibii/Oziza Afikpo,Afikpo North,,5.9369771,7.9266015
11/02/06/007,AMAINYIME TOWN HALL,Ibii/Oziza Afikpo,Afikpo North,,5.8901922,7.9733161
11/02/06/008,IBII PRIM ARY SCHOOL,Ibii/Oziza Afikpo,Afikpo North,,5.9331456,7.9329470
11/02/06/009,AMORIE VILLAGE SQUARE,Ibii/Oziza Afikpo,Afikpo North,,5.8910940,7.9306863
11/02/06/010,AGBA CENTRAL SCHOOL,Ibii/Oziza Afikpo,Afikpo North,,5.8905750,7.9756769
11/02/06/011,AMAOZARA PRIMARY SCHOOL,Ibii/Oziza Afikpo,Afikpo North,,5.8776171,7.9581141
11/02/06/012,AMAINYIME TOWN HALL,Ibii/Oziza Afikpo,Afikpo North,,5.8901922,7.9733161
11/02/06/013,EZI UROMOTA TOWN HALL,Ibii/Oziza Afikpo,Afikpo North,,5.9369771,7.9266015
11/02/06/014,EZI UHU TOWN HALL,Ibii/Oziza Afikpo,Afikpo North,,5.9369771,7.9266015
11/02/06/015,ORRA TOWN HALL,Ibii/Oziza Afikpo,Afikpo North,,5.8833941,7.9334034
11/02/06/016,EZI OLOGWU SQUARE,Ibii/Oziza Afikpo,Afikpo North,,5.8910940,7.9306863
11/02/06/017,EZI OKOTE PLAYGROUND,Ibii/Oziza Afikpo,Afikpo North,,5.8747034,7.9428989
11/02/06/018,IBII COMMUNITY SEC. SCH.,Ibii/Oziza Afikpo,Afikpo North,,5.9369771,7.9266015
11/02/06/019,OZIZA CENTRAL SCH.(AMORIE VILLAE SQUARE),Ibii/Oziza Afikpo,Afikpo North,,5.9090401,7.8881902
11/02/06/020,UNITY PRIMARY SCHOOL AMIKPO OZIZA,Ibii/Oziza Afikpo,Afikpo North,,5.9331456,7.9329470
11/02/07/001,NNAENYIM VILLAGE SQUARE I,Nkpoghoro Afikpo,Afikpo North,,5.8910940,7.9306863
11/02/07/002,NNAENYIM VILLAGE SQUARE II,Nkpoghoro Afikpo,Afikpo North,,5.8910940,7.9306863
11/02/07/003,NNAENYIM VILLAGE SQUARE III,Nkpoghoro Afikpo,Afikpo North,,5.8910940,7.9306863
11/02/07/004,NDIBE PLAY GROUND,Nkpoghoro Afikpo,Afikpo North,,5.8747034,7.9428989
11/02/07/005,EZI INYA VILLAGE SQUARE,Nkpoghoro Afikpo,Afikpo North,,5.8910940,7.9306863
11/02/07/006,NDIBE PRIMARY SCHOOL,Nkpoghoro Afikpo,Afikpo North,,5.8696874,7.9398322
11/02/07/007,AMANKWU/AMAEKWU SQUARE,Nkpoghoro Afikpo,Afikpo North,,5.8737084,7.9439061
11/02/07/008,AMANKWU/AMAEKWU PLAY GROUND,Nkpoghoro Afikpo,Afikpo North,,5.8747034,7.9428989
11/02/07/009,AMANKWO/AMABOLOBO PRIMARY SCHOOL I,Nkpoghoro Afikpo,Afikpo North,,5.8764085,7.9365601
11/02/07/010,AMANKWO/AMABOLOBO PRIMARY SCHOOL II,Nkpoghoro Afikpo,Afikpo North,,5.8764085,7.9365601
11/02/07/011,AMANKWO/AMABOLOBO PRIMARY SCHOOL III,Nkpoghoro Afikpo,Afikpo North,,5.8764085,7.9365601
11/02/07/012,AMUZU SQUARE,Nkpoghoro Afikpo,Afikpo North,,5.8758375,7.9480532
11/02/07/013,AMUZU VILLAGE SQUARE,Nkpoghoro Afikpo,Afikpo North,,6.1704890,8.0292996
11/02/07/014,AMANKWO/AMAEKWU SQUARE,Nkpoghoro Afikpo,Afikpo North,,5.8710718,7.9517298
11/02/07/015,NKPOGHORO PRIMARY SCHOOL,Nkpoghoro Afikpo,Afikpo North,,,
11/02/07/016,AGBOGO AMAUKU PLAYGROUND,Nkpoghoro Afikpo,Afikpo North,,5.8747034,7.9428989
11/02/07/017,AMANGWU NKPOGHORO TOWN HALL,Nkpoghoro Afikpo,Afikpo North,,5.8854999,7.9328196
11/02/07/018,OGO IBE MARKET SQUARE,Nkpoghoro Afikpo,Afikpo North,,5.8817539,7.9357090
11/02/08/001,UKPA/AMACHI PRIMARY SCHOOL,Ohaisu Afikpo A,Afikpo North,,5.8904394,7.9320953
11/02/08/002,UKPA PLAY GROUND I,Ohaisu Afikpo A,Afikpo North,,5.8923000,7.9330603
11/02/08/003,UKPA PLAY GROUND II,Ohaisu Afikpo A,Afikpo North,,5.8923000,7.9330603
11/02/08/004,EGBEBERI/AMACHRAAGBO,Ohaisu Afikpo A,Afikpo North,,5.8910940,7.9306863
11/02/08/005,AMACHARA PLAY GROUND,Ohaisu Afikpo A,Afikpo North,,5.8878902,7.9314031
11/02/08/006,NGODO/AMACHI PRIMARY SCHOOL,Ohaisu Afikpo A,Afikpo North,,5.8908958,7.9384056
11/02/08/007,AMACHI VILLAGE SQUARE,Ohaisu Afikpo A,Afikpo North,,5.8910940,7.9306863
11/02/08/008,AMACHI SQUARE,Ohaisu Afikpo A,Afikpo North,,5.8862924,7.9376653
11/02/08/009,NGODO/AMACHI PRIMARY SCHOOL II,Ohaisu Afikpo A,Afikpo North,,5.8908958,7.9384056
11/02/08/010,EZI- OTI TOWN HALL,Ohaisu Afikpo A,Afikpo North,,5.8854999,7.9328196
11/02/08/011,ONUOGO EZI AKANI,Ohaisu Afikpo A,Afikpo North,,,
11/02/08/012,AMACHARAGBO LOCKUP SHOP,Ohaisu Afikpo A,Afikpo North,,5.8910940,7.9306863
11/02/08/013,AMACHARA HEALTH CENTRE,Ohaisu Afikpo A,Afikpo North,,5.8895839,7.9319966
11/02/08/014,NGODO TOWN HALL,Ohaisu Afikpo A,Afikpo North,,5.8854999,7.9328196
11/02/08/015,AMELU AMACHI PLAYGROUND,Ohaisu Afikpo A,Afikpo North,,5.8312737,7.9282347
11/02/08/016,AMOSU AMACHI PLAYGROUND,Ohaisu Afikpo A,Afikpo North,,5.8312737,7.9282347
11/02/09/001,AMANGBALA SQUARE,Ohaisu Afikpo B,Afikpo North,,,
11/02/09/002,AMANGBALA PLAY GROUND,Ohaisu Afikpo B,Afikpo North,,5.8747034,7.9428989
11/02/09/003,AMANGBALA VILLAGE SQUARE,Ohaisu Afikpo B,Afikpo North,,5.8910940,7.9306863
11/02/09/004,EGBEBURU PLAY GROUND,Ohaisu Afikpo B,Afikpo North,,5.8747034,7.9428989
11/02/09/005,EKE AMANGBALA SQUARE,Ohaisu Afikpo B,Afikpo North,,5.8817539,7.9357090
11/02/09/006,AMANGBALA EVUMA SQUARE,Ohaisu Afikpo B,Afikpo North,,,
11/02/09/007,EBE BURU SQUARE,Ohaisu Afikpo B,Afikpo North,,5.8803172,7.9420960
11/02/09/008,NEW SITE,Ohaisu Afikpo B,Afikpo North,,5.8963900,7.9410554
11/02/09/009,AMANGBALA VILLAGE SQUARE II,Ohaisu Afikpo B,Afikpo North,,5.8910940,7.9306863
11/02/09/010,KATIKA PLAYGROUND,Ohaisu Afikpo B,Afikpo North,,5.8747034,7.9428989
11/02/09/011,SPACO PLAYGROUND,Ohaisu Afikpo B,Afikpo North,,5.8312737,7.9282347
11/02/09/012,AMANGBALA TOWN HALL,Ohaisu Afikpo B,Afikpo North,,5.8854999,7.9328196
11/02/09/013,AMAIZU AMANGBALA C/ SCH,Ohaisu Afikpo B,Afikpo North,,5.8764085,7.9365601
11/02/09/014,OHABUIKE PRIMARY SCHOOL,Ohaisu Afikpo B,Afikpo North,,5.8963900,7.9410554
11/02/10/001,AGBORIDE/AMAIZU PLAY GROUND,Ugwuegu Afikpo,Afikpo North,,5.8794767,7.9398108
11/02/10/002,EZI UKWU PLAY GROUND,Ugwuegu Afikpo,Afikpo North,,5.8796608,7.9419056
11/02/10/003,AMAIZU LIBRARY,Ugwuegu Afikpo,Afikpo North,,5.8803172,7.9420960
11/02/10/004,AMAIZU VILLAGE SQUARE,Ugwuegu Afikpo,Afikpo North,,5.8803172,7.9420960
11/02/10/005,AMAHA PLAY GROUND,Ugwuegu Afikpo,Afikpo North,,5.8810135,7.9439360
11/02/10/006,UBAM/AMEBOR PLAY GROUND I,Ugwuegu Afikpo,Afikpo North,,5.8747034,7.9428989
11/02/10/007,UBAM/AMEBOR PLAY GROUND II,Ugwuegu Afikpo,Afikpo North,,5.8747034,7.9428989
11/02/10/008,UGA/UGELU TOWN PLAY GROUND,Ugwuegu Afikpo,Afikpo North,,5.8747034,7.9428989
11/02/10/009,EZI UZUEKWE PLAY GROUND I,Ugwuegu Afikpo,Afikpo North,,5.8851174,7.9475446
11/02/10/010,EKUMA PLAY GROUND,Ugwuegu Afikpo,Afikpo North,,5.8747034,7.9428989
11/02/10/011,W.T.C PRIMARY SCHOOL,Ugwuegu Afikpo,Afikpo North,,,
11/02/10/012,EZI UZUEKWE PLAY GROUND II,Ugwuegu Afikpo,Afikpo North,,5.8851174,7.9475446
11/02/10/013,AMANCHO PLAY GROUND,Ugwuegu Afikpo,Afikpo North,,5.8816646,7.9431380
11/02/10/014,OKPOTA AMAIZU SQUARE,Ugwuegu Afikpo,Afikpo North,,5.8803172,7.9420960
11/02/10/015,AMAIZU LIBRARY I,Ugwuegu Afikpo,Afikpo North,,5.8803172,7.9420960
11/02/10/016,UBAM/AMEBOR PLAYGROUND II,Ugwuegu Afikpo,Afikpo North,,5.8747034,7.9428989
11/02/10/017,W.T.C. SECONDARY SCHOOL,Ugwuegu Afikpo,Afikpo North,,5.8900242,7.9533459
11/02/11/001,EZI OTI INYA,Uwana Afikpo 1,Afikpo North,,5.8660201,7.9456659
11/02/11/002,AIFPUA CENTER CAF,Uwana Afikpo 1,Afikpo North,,5.8029298,7.9195051
11/02/11/003,EZI UKWU AMAGU I,Uwana Afikpo 1,Afikpo North,,5.8029298,7.9195051
11/02/11/004,EZI UKWU AMAGU II,Uwana Afikpo 1,Afikpo North,,5.7981233,7.9333777
11/02/11/005,EZI UKWU AMAGU NDEMIYI,Uwana Afikpo 1,Afikpo North,,,
11/02/11/006,NKAGBOGO VILLAGE SQUARE I,Uwana Afikpo 1,Afikpo North,,5.8029298,7.9195051
11/02/11/007,NKAGBOGO VILLAGE SQUARE II,Uwana Afikpo 1,Afikpo North,,5.8029298,7.9195051
11/02/11/008,UNWANA COMP. SEC. SCHOOL,Uwana Afikpo 1,Afikpo North,,5.8043227,7.9252937
11/02/11/009,EZI OTI INYA TOWN HALL,Uwana Afikpo 1,Afikpo North,,5.8660201,7.9456659
11/02/11/010,OBU EZI OTI INYA T/HALL,Uwana Afikpo 1,Afikpo North,,,
11/02/11/011,STUDENTS CENTRE BUS STOP,Uwana Afikpo 1,Afikpo North,,5.8029298,7.9195051
11/02/11/012,OLD LECTURE THEATRE AUD.,Uwana Afikpo 1,Afikpo North,,5.8660201,7.9456659
11/02/11/013,ZENITH BLOCK,Uwana Afikpo 1,Afikpo North,,5.8840690,7.9346266
11/02/11/014,EZI UKWU AMAGU T/HALL,Uwana Afikpo 1,Afikpo North,,,
11/02/11/015,JOHN AKA EGWU M/PRIM. SCH.,Uwana Afikpo 1,Afikpo North,,,
11/02/11/016,UNWANA COMMUNITY PRIMARY SCHOOL,Uwana Afikpo 1,Afikpo North,,5.7980494,7.9353995
11/02/12/001,EZI AKAA,Uwana Afikpo II,Afikpo North,,5.7956496,7.9345209
11/02/12/002,NDI OWARA VILLAGE SQUARE,Uwana Afikpo II,Afikpo North,,,
11/02/12/003,EFE AMAEKWU I,Uwana Afikpo II,Afikpo North,,5.8029298,7.9195051
11/02/12/004,EFE AMAEKWU II,Uwana Afikpo II,Afikpo North,,5.8029298,7.9195051
11/02/12/005,EZI AKAA II PAMPIDO,Uwana Afikpo II,Afikpo North,,5.8029298,7.9195051
11/02/12/006,AMA OKOM PRI. SCH.,Uwana Afikpo II,Afikpo North,,5.7980494,7.9353995
11/02/12/007,EZIENYIBUIKE BUSTOP,Uwana Afikpo II,Afikpo North,,5.8029298,7.9195051
11/02/12/008,UDOBUIKE UWANA,Uwana Afikpo II,Afikpo North,,5.8029298,7.9195051
11/02/12/009,EZI NDE OKORO INYA FRONT.,Uwana Afikpo II,Afikpo North,,,
11/03/01/001,NKAOGBOGO VILLAGE HALL,Amaeke Ekoli,Afikpo South,,5.7659493,7.8152804
11/03/01/002,AMANKWU VILLAGE HALL,Amaeke Ekoli,Afikpo South,,5.7659493,7.8152804
11/03/01/003,NDINNACHI VILLAGE HALL,Amaeke Ekoli,Afikpo South,,5.7485405,7.8474140
11/03/01/004,NDI ENWORO TOWN HALL,Amaeke Ekoli,Afikpo South,,5.8270716,7.8615327
11/03/01/005,AMAEKE VILLAGE HALL,Amaeke Ekoli,Afikpo South,,5.7659493,7.8152804
11/03/01/006,AMAEKE VILLAGE SQUARE,Amaeke Ekoli,Afikpo South,,,
11/03/01/007,EGBEBU CENTRAL SCHOOL 1,Amaeke Ekoli,Afikpo South,,,
11/03/01/008,EGBEBU CENTRAL SCHOOL 11,Amaeke Ekoli,Afikpo South,,,
11/03/01/009,NKAGBUOGO V/SQ,Amaeke Ekoli,Afikpo South,,5.8653552,7.8068851
11/03/01/010,AMANKWU V/SQ,Amaeke Ekoli,Afikpo South,,5.9161634,7.7977734
11/03/01/011,EZIOFURU AMEKE HALL,Amaeke Ekoli,Afikpo South,,5.8226703,7.8495043
11/03/01/012,AMAEKE V/SQ,Amaeke Ekoli,Afikpo South,,,
11/03/01/013,UGBO V/SQ,Amaeke Ekoli,Afikpo South,,5.8226703,7.8495043
11/03/01/014,UGBO V/HALL,Amaeke Ekoli,Afikpo South,,5.8226703,7.8495043
11/03/01/015,AMECHARKATA V/SQ,Amaeke Ekoli,Afikpo South,,5.9161634,7.7977734
11/03/02/001,EKEJE TOWN HALL,Amaigbo,Afikpo South,,5.7999911,7.8318357
11/03/02/002,AMAIGBO TOWN HALL,Amaigbo,Afikpo South,,5.7922376,7.8359019
11/03/02/003,AMAIGBO PRIMARY SCHOOL I,Amaigbo,Afikpo South,,,
11/03/02/004,AMAIGBO PRIMARY SCHOOL II,Amaigbo,Afikpo South,,,
11/03/02/005,ORIENTA PRIMARY SCHOOL,Amaigbo,Afikpo South,,5.8764085,7.9365601
11/03/02/006,AMANCHO VILLAGE HALL,Amaigbo,Afikpo South,,5.7922376,7.8359019
11/03/02/007,NDI-OFIBA VILLAGE SQUARE,Amaigbo,Afikpo South,,5.8077316,7.8123224
11/03/02/008,AMAIGBO VILLAGE SQUARE,Amaigbo,Afikpo South,,5.8077316,7.8123224
11/03/02/009,NDIBA V/SQ.,Amaigbo,Afikpo South,,5.8833941,7.9334034
11/03/03/001,AMUKWA/AMEBO TOWN HALL,Amangwu,Afikpo South,,5.8270716,7.8615327
11/03/03/002,NDI OKORO TOWN HALL I,Amangwu,Afikpo South,,5.8270716,7.8615327
11/03/03/003,NDI OKORO TOWN HALL II,Amangwu,Afikpo South,,5.8854999,7.9328196
11/03/03/004,OKPOMA VILLAGE HALL,Amangwu,Afikpo South,,,
11/03/03/005,AMAIYINTA VILLAGE HALL I,Amangwu,Afikpo South,,6.0729846,8.0124266
11/03/03/006,AMAIYINTA VILLAGE SQUARE,Amangwu,Afikpo South,,5.8270716,7.8615327
11/03/03/007,AMAIYINTA VILLAGE HALL II,Amangwu,Afikpo South,,6.0729846,8.0124266
11/03/03/008,NDIEBO VILLAGE HALL I,Amangwu,Afikpo South,,5.8838924,7.9476187
11/03/03/009,NDIEBO VILLAGE HALL II,Amangwu,Afikpo South,,5.8659595,7.7634019
11/03/03/010,ODUGHOHU TOWN HALL,Amangwu,Afikpo South,,5.8838924,7.9476187
11/03/03/011,ASAGA PRIMARY SCHOOL,Amangwu,Afikpo South,,5.8764085,7.9365601
11/03/03/012,ASAGA VILLAGE HALL,Amangwu,Afikpo South,,5.8100830,7.8530809
11/03/03/013,ANYAFUMBA HALL,Amangwu,Afikpo South,,5.8270716,7.8615327
11/03/04/001,UGWU ELU VILLAGE HALL,Amiri Ekoli,Afikpo South,,5.8838924,7.9476187
11/03/04/002,UGWU ELU VILLAGE SQUARE,Amiri Ekoli,Afikpo South,,5.8838924,7.9476187
11/03/04/003,AMANTA VILLAGE HALL,Amiri Ekoli,Afikpo South,,5.7659493,7.8152804
11/03/04/004,AMAOGBU VILLAGE HALL,Amiri Ekoli,Afikpo South,,5.7659493,7.8152804
11/03/04/005,AMAOGBU VILLAGE SQUARE,Amiri Ekoli,Afikpo South,,5.7659493,7.8152804
11/03/04/006,AMAOGBU TOWN HALL,Amiri Ekoli,Afikpo South,,5.7659493,7.8152804
11/03/04/007,NDI IBOM VILLAGE HALL I,Amiri Ekoli,Afikpo South,,5.7659493,7.8152804
11/03/04/008,NDI IBOM VILLAGE HALL II,Amiri Ekoli,Afikpo South,,5.7659493,7.8152804
11/03/04/009,NDI IBOM VILLAGE SQUARE,Amiri Ekoli,Afikpo South,,5.9161634,7.7977734
11/03/04/010,AMANTA V/SQ.,Amiri Ekoli,Afikpo South,,,
11/03/04/011,AMAOGBU VILL/HALL II,Amiri Ekoli,Afikpo South,,,
11/03/04/012,AMAOGBU VILLAGE,Amiri Ekoli,Afikpo South,,5.7659493,7.8152804
11/03/04/013,AMAOGBU T/HALL II,Amiri Ekoli,Afikpo South,,5.9161634,7.7977734
11/03/04/014,AMAOGBU T/HALL III,Amiri Ekoli,Afikpo South,,5.9161634,7.7977734
11/03/04/015,AMEFURE V/SQ,Amiri Ekoli,Afikpo South,,5.8226703,7.8495043
11/03/04/016,NDI IBOM V/SQ.,Amiri Ekoli,Afikpo South,,5.9161634,7.7977734
11/03/05/001,EZI EDDA COMMUNITY HALL I,Amoso,Afikpo South,,5.8659595,7.7634019
11/03/05/002,EZI EDDA COMMUNITY HALL II,Amoso,Afikpo South,,5.8659595,7.7634019
11/03/05/003,AMAGBO TOWN HALL,Amoso,Afikpo South,,5.8095121,7.8392601
11/03/05/004,ECHARA VILLAGE HALL,Amoso,Afikpo South,,,
11/03/05/005,EJIKEWU PRIMARY SCHOOL,Amoso,Afikpo South,,5.7980494,7.9353995
11/03/05/006,NDI OYIM COMMUNITY HALL I,Amoso,Afikpo South,,5.7659493,7.8152804
11/03/05/007,NDI OYIM COMMUNITY HALL II,Amoso,Afikpo South,,,
11/03/05/008,NDI CHIMA VILLAGE HALL,Amoso,Afikpo South,,5.8782507,7.8160206
11/03/05/009,NKELUOGO V/SQ.,Amoso,Afikpo South,,5.9161634,7.7977734
11/03/05/010,NDI ALUUNTA V/SQ.,Amoso,Afikpo South,,5.9161634,7.7977734
11/03/05/011,ECHARA VILLAGE HALL II,Amoso,Afikpo South,,5.8145501,7.8358269
11/03/06/001,OKENKWU VILLAGE HALL I,Ebunwana,Afikpo South,,5.7871624,7.8703221
11/03/06/002,OKENKWU VILLAGE HALL II,Ebunwana,Afikpo South,,5.8029298,7.9195051
11/03/06/003,OKENKWU VILLAGE HALL III,Ebunwana,Afikpo South,,5.8659595,7.7634019
11/03/06/004,OKENKWU VILLAGE SQUARE,Ebunwana,Afikpo South,,5.7754649,7.8776023
11/03/06/005,AMORJI VILLAGE HALL I,Ebunwana,Afikpo South,,,
11/03/06/006,AMORJI VILLAGE HALL II,Ebunwana,Afikpo South,,6.2829253,7.9810845
11/03/06/007,AMAEKE VILLAGE SQUARE I,Ebunwana,Afikpo South,,5.7754649,7.8776023
11/03/06/008,AMAEKE VILLAGE SQUARE II,Ebunwana,Afikpo South,,5.7754649,7.8776023
11/03/06/009,AMAEKE VILLAGE HALL I,Ebunwana,Afikpo South,,5.7515470,7.6857000
11/03/06/010,AMAEKE VILLAGE HALL II,Ebunwana,Afikpo South,,5.4594646,7.6749265
11/03/06/011,AMAEMU VILLAGE SQUARE,Ebunwana,Afikpo South,,5.9161634,7.7977734
11/03/06/012,IGBARA VILLAGE HALL,Ebunwana,Afikpo South,,5.7973291,7.8677391
11/03/06/013,UKWUACHI MKT. SQUARE,Ebunwana,Afikpo South,,,
11/03/06/014,AMORJI V/SQ. I,Ebunwana,Afikpo South,,5.9161634,7.7977734
11/03/06/015,AMORJI V/SQ.II,Ebunwana,Afikpo South,,5.9161634,7.7977734
11/03/06/016,AMAEMU V/HALL,Ebunwana,Afikpo South,,6.3075562,8.1002529
11/03/06/017,ECHARA V/SQ.,Ebunwana,Afikpo South,,5.7871624,7.8703221
11/03/07/001,EMEKWE PRIMARY SCHOOL I,Ndioke Ekoli,Afikpo South,,,
11/03/07/002,EMEKWE PRIMARY SCHOOL II,Ndioke Ekoli,Afikpo South,,5.8894555,7.9538378
11/03/07/003,ISI AMA ISE PRIMARY SCHOOL I,Ndioke Ekoli,Afikpo South,,5.9161634,7.7977734
11/03/07/004,ISI AMA ISE PRIMARY SCHOOL II,Ndioke Ekoli,Afikpo South,,5.9161634,7.7977734
11/03/07/005,EKULA PRIMARY SCHOOL I,Ndioke Ekoli,Afikpo South,,5.8894555,7.9538378
11/03/07/006,EKULA PRIMARY SCHOOL II,Ndioke Ekoli,Afikpo South,,5.8894555,7.9538378
11/03/07/007,UBURU HALL,Ndioke Ekoli,Afikpo South,,5.9161634,7.7977734
11/03/07/008,AZILU V/SQ,Ndioke Ekoli,Afikpo South,,5.9161634,7.7977734
11/03/07/009,IBUO PRI. SCH.,Ndioke Ekoli,Afikpo South,,5.8894555,7.9538378
11/03/07/010,COMM. PRI. SCH. NDELUGUHU,Ndioke Ekoli,Afikpo South,,5.7084629,7.6608583
11/03/07/011,EMEZIAEBIRI EKOLI HALL,Ndioke Ekoli,Afikpo South,,5.9161634,7.7977734
11/03/07/012,EKULA PRI. SCH. III,Ndioke Ekoli,Afikpo South,,5.8894555,7.9538378
11/03/07/013,EDDAGBO VILLAGE SQUARE,Ndioke Ekoli,Afikpo South,,5.8226703,7.8495043
11/03/08/001,IFUOGO VILLAGE HALL,Nguzu,Afikpo South,,5.8838924,7.9476187
11/03/08/002,EZECHI PRIMARY SCHOOL I,Nguzu,Afikpo South,,5.6435560,7.6702990
11/03/08/003,EZECHI PRIMARY SCHOOL II,Nguzu,Afikpo South,,5.6435560,7.6702990
11/03/08/004,AMORJI VILLAGE HALL,Nguzu,Afikpo South,,6.2829253,7.9810845
11/03/08/005,LIBRARY HALL,Nguzu,Afikpo South,,5.4830032,7.5418973
11/03/08/006,ELUGWU TOWN HALL,Nguzu,Afikpo South,,5.7656903,7.8210721
11/03/08/007,AMANKWO VILLAGE HALL,Nguzu,Afikpo South,,5.7659493,7.8152804
11/03/08/008,AMAIYI PRIMARY SCHOOL I,Nguzu,Afikpo South,,,
11/03/08/009,AMAIYI PRIMARY SCHOOL II,Nguzu,Afikpo South,,5.8764085,7.9365601
11/03/08/010,NGUZU PRIMARY SCHOOL I,Nguzu,Afikpo South,,,
11/03/08/011,NGUZU PRIMARY SCHOOL II,Nguzu,Afikpo South,,5.7980494,7.9353995
11/03/08/012,NGUZU PRIMARY SCHOOL III,Nguzu,Afikpo South,,,
11/03/08/013,NDI-AGHA VILLAGE SQUARE,Nguzu,Afikpo South,,5.8270716,7.8615327
11/03/08/014,OKPU-UGBAHA PLAY GROUND,Nguzu,Afikpo South,,5.8747034,7.9428989
11/03/08/015,OMAGUZOR VILLAGE HALL,Nguzu,Afikpo South,,6.2829253,7.9810845
11/03/08/016,AMANKWO VILLAGE SQUARE,Nguzu,Afikpo South,,5.7659493,7.8152804
11/03/08/017,IFUOGO-AMAIYI VILLAGE HALL,Nguzu,Afikpo South,,5.9161634,7.7977734
11/03/08/018,NDI-IFFA AMIYI VILLAGE SQUARE,Nguzu,Afikpo South,,5.9161634,7.7977734
11/03/08/019,COMMUNITY SECONDARY SCHOOL NGUZU EDDA,Nguzu,Afikpo South,,5.8113327,7.8496929
11/03/09/001,AKPUGHURU TOWN HALL,Ogbu (Amato),Afikpo South,,5.8854999,7.9328196
11/03/09/002,IGWE MEMORIAL PRIMARY SCHOOL,Ogbu (Amato),Afikpo South,,5.7980494,7.9353995
11/03/09/003,UMUNNABUIKE PRIMARY SCHOOL,Ogbu (Amato),Afikpo South,,5.8653552,7.8068851
11/03/09/004,ITIM SEC. SCHOOL,Ogbu (Amato),Afikpo South,,5.8357639,7.9229635
11/03/09/005,ITIM PRIMARY SCHOOL,Ogbu (Amato),Afikpo South,,5.7980494,7.9353995
11/03/09/006,ITIM VILLAGE HALL,Ogbu (Amato),Afikpo South,,5.8312737,7.9282347
11/03/09/007,OKOJOGHO MEMORIAL PRIMARY SCHOOL,Ogbu (Amato),Afikpo South,,5.9210871,7.8113709
11/03/09/008,OGBU VILLAGE SQUARE,Ogbu (Amato),Afikpo South,,6.3859518,8.0114112
11/03/09/009,ITIM VILLAGE SQUARE,Ogbu (Amato),Afikpo South,,5.8312737,7.9282347
11/03/09/010,ITIM ELU VILLAGE SQUARE,Ogbu (Amato),Afikpo South,,5.8312737,7.9282347
11/03/09/011,OGBU VILLAGE HALL,Ogbu (Amato),Afikpo South,,5.8659595,7.7634019
11/03/10/001,AMAECHI PRIMARY SCHOOL,Oso,Afikpo South,,6.0200437,7.8490448
11/03/10/002,NDIUCHE COMMUNITY HALL,Oso,Afikpo South,,5.8659595,7.7634019
11/03/10/003,AMAOSONTA VILLAGE HALL,Oso,Afikpo South,,,
11/03/10/004,NDIOKPO VILLAGE HALL,Oso,Afikpo South,,5.8669711,7.8139758
11/03/10/005,NDIOBASI VILLAGE HALL I,Oso,Afikpo South,,5.8782507,7.8160206
11/03/10/006,NDIOBASI VILLAGE HALL II,Oso,Afikpo South,,5.8782507,7.8160206
11/03/10/007,IGBORO PRIMARY SCHOOL I,Oso,Afikpo South,,5.9151032,7.7877056
11/03/10/008,IGBORO PRIMARY SCHOOL II,Oso,Afikpo South,,5.8691492,7.8100553
11/03/10/009,IGBORO PRIMARY SCHOOL III,Oso,Afikpo South,,5.8691492,7.8100553
11/03/10/010,OKPOROJO VILLAGE SQUARE,Oso,Afikpo South,,5.8695015,7.8147872
11/03/10/011,NDI OKPO TOWN HALL,Oso,Afikpo South,,5.4884764,7.8880293
11/03/10/012,NDI UGBO VILLAGE SQUARE,Oso,Afikpo South,,5.9161634,7.7977734
11/03/10/013,OKPOROJO PRIMARY SCHOOL,Oso,Afikpo South,,5.9210871,7.8113709
11/03/10/014,NDI-IKPO VILLAGE HALL,Oso,Afikpo South,,5.8659595,7.7634019
11/03/10/015,AMASONTA TOWN HALL II,Oso,Afikpo South,,5.8854999,7.9328196
11/03/10/016,NDI-OKPO VILLAGE HALL II,Oso,Afikpo South,,5.8669711,7.8139758
11/03/10/017,OGIRI VILLAGE HALL,Oso,Afikpo South,,5.8782507,7.8160206
11/03/10/018,NDI OKPO TOWN HALL II,Oso,Afikpo South,,5.4884764,7.8880293
11/03/10/019,NDIUGBO VILLAGE HALL,Oso,Afikpo South,,5.8659595,7.7634019
11/03/11/001,CENTRAL SCHOOL OWUTU I,Owutu,Afikpo South,,5.8894555,7.9538378
11/03/11/002,CENTRAL SCHOOL OWUTU II,Owutu,Afikpo South,,5.8894555,7.9538378
11/03/11/003,AKANU TOWN HALL,Owutu,Afikpo South,,5.8110252,7.8511724
11/03/11/004,AMUKABI TOWN HALL,Owutu,Afikpo South,,5.8854999,7.9328196
11/03/11/005,NDI EWA VILLAGE HALL,Owutu,Afikpo South,,5.8321911,7.8448092
11/03/11/006,AMAEKE VILLAGE HALL,Owutu,Afikpo South,,5.8226703,7.8495043
11/03/11/007,UMUNNATO PRIMARY SCHOOL,Owutu,Afikpo South,,5.7980494,7.9353995
11/03/11/008,AMAEKPU TOWN HALL,Owutu,Afikpo South,,5.8278508,7.8415031
11/03/11/009,OWUTU MOTOR PARK I,Owutu,Afikpo South,,5.8281983,7.8449549
11/03/11/010,OWUTU MOTOR PARK II,Owutu,Afikpo South,,5.8281983,7.8449549
11/03/11/011,UDEAZI VILLAGE HALL,Owutu,Afikpo South,,5.8100830,7.8530809
11/03/11/012,UFU ESENI TOWN HALL,Owutu,Afikpo South,,5.8331367,7.8461860
11/03/11/013,AMAEBO VILLAGE HALL,Owutu,Afikpo South,,5.8153756,7.8571968
11/03/11/014,AMAEBO PLAY GROUND,Owutu,Afikpo South,,5.8816405,7.9477447
11/03/11/015,UFUESENI VILLAGE HALL,Owutu,Afikpo South,,5.8838924,7.9476187
11/03/11/016,EZIUKWU PLAY GROUND,Owutu,Afikpo South,,5.8796608,7.9419056
11/03/11/017,UDEAZI VILLAGE HALL II,Owutu,Afikpo South,,5.8100830,7.8530809
11/04/01/001,HOSSANA HILL,Abakpa,Ebonyi,,6.3230484,8.1287766
11/04/01/002,HOSSANA PARK,Abakpa,Ebonyi,,6.3859518,8.0114112
11/04/01/003,OLD PARK,Abakpa,Ebonyi,,,
11/04/01/004,HAUSA QUARTERS,Abakpa,Ebonyi,,6.2927769,8.0987872
11/04/01/005,HAUSA QUARTERS OPP. OGOJA ROAD,Abakpa,Ebonyi,,6.2927769,8.0987872
11/04/01/006,ABACHA ROUND ABOUT,Abakpa,Ebonyi,,6.3247585,8.1123075
11/04/01/007,AWKA/AROCHUKWU,Abakpa,Ebonyi,,6.3230592,8.1120597
11/04/01/008,TRACAS OFFICE,Abakpa,Ebonyi,,6.3215608,8.1142328
11/04/01/009,OPPOSITE EBO TRANS,Abakpa,Ebonyi,,,
11/04/01/010,HOSSANA PARK II,Abakpa,Ebonyi,,6.3256986,8.0799691
11/04/01/011,HAUSA QUARTERS II,Abakpa,Ebonyi,,6.2927769,8.0987872
11/04/01/012,HAUSA QUARTERS III,Abakpa,Ebonyi,,6.2927769,8.0987872
11/04/01/013,HAUSA QUARTERS II OPP. OGOJA RD,Abakpa,Ebonyi,,6.2927769,8.0987872
11/04/01/014,HAUSA QUARTERS III OPP. OGOJA RD,Abakpa,Ebonyi,,6.2927769,8.0987872
11/04/01/015,ABACHA ROUNDABOUT II.,Abakpa,Ebonyi,,6.3247585,8.1123075
11/04/01/016,AROCHUKWU HALL II,Abakpa,Ebonyi,,6.3281443,8.1041807
11/04/01/017,AROCHUKWU HALL III,Abakpa,Ebonyi,,6.3281443,8.1041807
11/04/01/018,TRACAS/ ABIA LINE,Abakpa,Ebonyi,,6.3188741,8.1124029
11/04/01/019,EBOTRANS. II,Abakpa,Ebonyi,,,
11/04/02/001,OBEAGU ABOFIA HALL,Abofia,Ebonyi,,6.3281443,8.1041807
11/04/02/002,NDIABO ABOFIA VILLAGE SQUARE,Abofia,Ebonyi,,6.3752706,8.1447804
11/04/02/003,AGHAMEHU VILLAGE SQUARE,Abofia,Ebonyi,,6.3752706,8.1447804
11/04/02/004,OKWUINYIONU PLAY GROUND,Abofia,Ebonyi,,5.8312737,7.9282347
11/04/02/005,OGBOJI ABOFIA AGE GRADE HALL,Abofia,Ebonyi,,6.3281443,8.1041807
11/04/02/006,EDUKWU ABOFIA AGE GRADE HALL,Abofia,Ebonyi,,6.3230592,8.1120597
11/04/02/007,OROKE ONUOHA PLAY GROUND,Abofia,Ebonyi,,6.3572958,8.0900583
11/04/02/008,UNITY PRIM. SCHOOL OGEGU-ABA,Abofia,Ebonyi,,6.3498196,8.0613020
11/04/02/009,EGUAGUBAM NDEBOR,Abofia,Ebonyi,,6.3281443,8.1041807
11/04/02/010,AGHAMELU PRIMARY SCHOOL,Abofia,Ebonyi,,6.3309358,8.1200300
11/04/02/011,NWOVUDU VILLAGE SQUARE,Abofia,Ebonyi,,6.3752706,8.1447804
11/04/02/012,AKANWU PLAY GROUND,Abofia,Ebonyi,,6.1138186,8.2287695
11/04/02/013,AFIA UGBA PLAY GROUND,Abofia,Ebonyi,,5.8312737,7.9282347
11/04/02/014,EDUKWU IGWU PLAY GROUND,Abofia,Ebonyi,,6.1138186,8.2287695
11/04/03/001,OBOBO PRIMARY SCHOOL,Agalegu,Ebonyi,,6.3497289,8.0612186
11/04/03/002,EDEJA PRIMARY SCHOOL,Agalegu,Ebonyi,,6.3845348,8.0646974
11/04/03/003,MILE 4 PLAY GROUND,Agalegu,Ebonyi,,,
11/04/03/004,UGBODO PRIMARY SCHOOL,Agalegu,Ebonyi,,6.3416386,8.1263642
11/04/03/005,ABARIGWE PRIMARY SCHOOL,Agalegu,Ebonyi,,6.3416386,8.1263642
11/04/03/006,EZZA OPHU PLAY GROUND,Agalegu,Ebonyi,,6.3076081,8.0290638
11/04/03/007,OHATEKWE PLAY GROUND,Agalegu,Ebonyi,,6.0294299,7.7903360
11/04/03/008,OBOBO ESHI PLAY GROUND,Agalegu,Ebonyi,,5.8312737,7.9282347
11/04/03/009,NEW HEAVEN PRIM. SCHOOL,Agalegu,Ebonyi,,6.3119981,8.1031345
11/04/03/010,OBVUDU PLAY GROUND,Agalegu,Ebonyi,,5.9171800,7.7112158
11/04/03/011,ENYIBUCHIRI PLAY GROUND,Agalegu,Ebonyi,,5.8312737,7.9282347
11/04/03/012,IME OHATEKWE VILLAGE SQUARE,Agalegu,Ebonyi,,6.1232328,8.0883510
11/04/03/013,UGBODO TOWN HALL,Agalegu,Ebonyi,,6.5349218,8.0898329
11/04/03/014,OBVUDU OKEMINI PLAY GROUND,Agalegu,Ebonyi,,5.8747034,7.9428989
11/04/03/015,OJIEGBE ISHIEKE TOWN HALL,Agalegu,Ebonyi,,6.3850252,8.0274274
11/04/03/016,EDUPHU IGWE PLAY GROUND,Agalegu,Ebonyi,,5.8312737,7.9282347
11/04/04/001,NNODO BOYS SECONDARY SCHOOL,Echiaba,Ebonyi,,6.3488879,8.1067441
11/04/04/002,UGWU ECHARA PRIMARY SCHOOL,Echiaba,Ebonyi,,6.3549381,8.0764911
11/04/04/003,EBEBE PLAY GROUND I,Echiaba,Ebonyi,,6.3426927,8.1055544
11/04/04/004,AGE GRADE HALL,Echiaba,Ebonyi,,6.3281443,8.1041807
11/04/04/005,OBEAGU NTEZI ABA VILL. HALL I,Echiaba,Ebonyi,,6.2829253,7.9810845
11/04/04/006,EBEBE PLAY GROUND II,Echiaba,Ebonyi,,6.0726106,7.9974890
11/04/04/007,EBEBE PLAY GROUND III,Echiaba,Ebonyi,,6.3426927,8.1055544
11/04/04/008,MILE 50 (OPP. BISHOP HOUSE),Echiaba,Ebonyi,,6.3255584,8.0862092
11/04/04/009,PRESCO SECONDARY SCHOOL,Echiaba,Ebonyi,,6.3368123,8.0906255
11/04/04/010,MGBABO ACHARA PLAY GROUND,Echiaba,Ebonyi,,5.8878902,7.9314031
11/04/04/011,BORE HOLE AMIKE ABA,Echiaba,Ebonyi,,6.3452496,8.0838019
11/04/04/012,OBEAGU NTEZI ABA VILL. HALL II,Echiaba,Ebonyi,,6.3075562,8.1002529
11/04/04/013,ORIGBO JUNCTION,Echiaba,Ebonyi,,6.3500156,8.0738001
11/04/04/014,REMIND HOME JUNCTION,Echiaba,Ebonyi,,6.3316233,8.0911334
11/04/04/015,ONU OGUZOR OBA IJEOKU,Echiaba,Ebonyi,,6.3316233,8.0911334
11/04/04/016,AGE GRADE HALL II,Echiaba,Ebonyi,,6.3281443,8.1041807
11/04/04/017,G- HOSTEL- JUNCTION,Echiaba,Ebonyi,,6.3312038,8.0782317
11/04/04/018,ONU- OGUZO EGBE DIKE EKPAGU,Echiaba,Ebonyi,,6.3859518,8.0114112
11/04/04/019,MGBABOR PRIMARY SCHOOL,Echiaba,Ebonyi,,6.3226608,8.0777413
11/04/05/001,EGWUDINAGU HALL,Egwudinagu,Ebonyi,,6.5815804,8.1283942
11/04/05/002,ONYIRIGBO PRIMARY SCHOOL,Egwudinagu,Ebonyi,,6.3137727,8.1120990
11/04/05/003,NDIECHI VILLAGE HALL,Egwudinagu,Ebonyi,,6.2829253,7.9810845
11/04/05/004,ULOANWU PRIMARY SCHOOL,Egwudinagu,Ebonyi,,,
11/04/05/005,AFFENYIM PLAY GROUND,Egwudinagu,Ebonyi,,6.0381391,8.0101490
11/04/05/006,AFFENYIM VILLAGE SQUARE,Egwudinagu,Ebonyi,,6.3281443,8.1041807
11/04/05/007,OGBETE MARKET SQUARE,Egwudinagu,Ebonyi,,6.3090585,8.1269838
11/04/05/008,EDUKWU OKEMINI PLAY GROUND,Egwudinagu,Ebonyi,,6.1046660,8.2114790
11/04/05/009,ONYIRIGBO TOWN HALL,Egwudinagu,Ebonyi,,6.3255516,8.1046959
11/04/05/010,EDUKWU NKA JUNCTION,Egwudinagu,Ebonyi,,6.3859518,8.0114112
11/04/05/011,MBUKOBE OFEREKPE PLAY GROUND,Egwudinagu,Ebonyi,,6.0234206,7.7442375
11/04/05/012,NWORI NWIDEBIA MARKET NDIECHI,Egwudinagu,Ebonyi,,6.4734793,7.9565917
11/04/05/013,EDUKWU NWUGURU ALEGU PLAYGROUND,Egwudinagu,Ebonyi,,6.5815804,8.1283942
11/04/05/014,OVUDU ASHIOGBU PLAY GROUND EPHENYIM VILLAGE,Egwudinagu,Ebonyi,,6.3090585,8.1269838
11/04/06/001,OGUZORONWEYA PRIMARY SCHOOL I,Enyibichiri I,Ebonyi,,,
11/04/06/002,OGUZORONWEYA PRIMARY SCHOOL II,Enyibichiri I,Ebonyi,,6.3137727,8.1120990
11/04/06/003,OJIEGBE PRIMARY SCHOOL,Enyibichiri I,Ebonyi,,6.3137096,8.1075132
11/04/06/004,ITEM PRIMARY SCHOOL,Enyibichiri I,Ebonyi,,6.3255517,8.1287469
11/04/06/005,ETE NKOROM PRIMARY SCHOOL,Enyibichiri I,Ebonyi,,6.3137096,8.1075132
11/04/06/006,NDIOFIA ECHARA PRIMARY SCHOOL,Enyibichiri I,Ebonyi,,6.3137727,8.1120990
11/04/06/007,UKPACHACHA PRIMARY SCHOOL,Enyibichiri I,Ebonyi,,,
11/04/06/008,MBAMINI PRIMARY SCHOOL,Enyibichiri I,Ebonyi,,6.3137727,8.1120990
11/04/06/009,UMUIGWE PRIMARY SCHOOL,Enyibichiri I,Ebonyi,,6.3137727,8.1120990
11/04/06/010,NDIOFIA C.C.D PRIMARY SCHOOL,Enyibichiri I,Ebonyi,,,
11/04/06/011,EDUPFU NNOCHE PLAY GROUND,Enyibichiri I,Ebonyi,,6.1138186,8.2287695
11/04/06/012,ENWUMINI PRIMARY SCHOOL.,Enyibichiri I,Ebonyi,,6.3137727,8.1120990
11/04/06/013,UGBOENYIM PRIMARY SCHOOL,Enyibichiri I,Ebonyi,,6.3137727,8.1120990
11/04/06/014,NDIOCHIGBO PRIM ARY SCHOOL,Enyibichiri I,Ebonyi,,6.3137727,8.1120990
11/04/06/015,EKEBE PRIMARY SCHOOL,Enyibichiri I,Ebonyi,,6.3137096,8.1075132
11/04/06/016,OKWEFURIKE PLAY GROUND,Enyibichiri I,Ebonyi,,6.1138186,8.2287695
11/04/06/017,NKOROM MARKET SQUARE,Enyibichiri I,Ebonyi,,6.6580115,8.1732697
11/04/06/018,EDUPFU NWAGU PLAY GROUND,Enyibichiri I,Ebonyi,,6.1317758,8.1412983
11/04/06/019,EDUFU OGEGU PLAY GROUND,Enyibichiri I,Ebonyi,,5.8312737,7.9282347
11/04/06/020,OKPANKU TOWN HALL,Enyibichiri I,Ebonyi,,6.3075562,8.1002529
11/04/06/021,EDUFU OGBODO OKPANKU PLAY GROUND,Enyibichiri I,Ebonyi,,5.8312737,7.9282347
11/04/06/022,OKPANKU NURSERY SCHOOL,Enyibichiri I,Ebonyi,,6.0321356,7.7523844
11/04/07/001,ENYIBICHIRI PLAY GROUND,Enyibichiri II,Ebonyi,,5.8312737,7.9282347
11/04/07/002,OZIBO PLAY GROUND,Enyibichiri II,Ebonyi,,,
11/04/07/003,NDUKABI PLAY GROUND,Enyibichiri II,Ebonyi,,6.0393016,8.1326611
11/04/07/004,OKWOREKA PLAY GROUND,Enyibichiri II,Ebonyi,,6.0726106,7.9974890
11/04/07/005,OTERUFIE PLAY GROUND,Enyibichiri II,Ebonyi,,5.8312737,7.9282347
11/04/07/006,OKARIA PRIMARY SCHOOL,Enyibichiri II,Ebonyi,,6.3137727,8.1120990
11/04/07/007,OJIANYA PRIMARY SCHOOL,Enyibichiri II,Ebonyi,,6.3137727,8.1120990
11/04/07/008,OGBAGA PRIMARY SCHOOL I,Enyibichiri II,Ebonyi,,,
11/04/07/009,OGBAGA PRIMARY SCHOOL II,Enyibichiri II,Ebonyi,,6.2354736,8.1049066
11/04/07/010,OBEGU EZZA PLAY GROUND,Enyibichiri II,Ebonyi,,6.1767103,8.0450499
11/04/07/011,OKWOREKA PLAY GROUND II,Enyibichiri II,Ebonyi,,5.8312737,7.9282347
11/04/07/012,UKWU OBELEBE ONYIKWA MARKET SQUARE,Enyibichiri II,Ebonyi,,6.3090585,8.1269838
11/04/08/001,STATION URBAN PRIMARY SCHOOL I,Kpirikpiri,Ebonyi,,6.3322967,8.1028761
11/04/08/002,STATION URBAN PRIMARY SCHOOL II,Kpirikpiri,Ebonyi,,6.3322967,8.1028761
11/04/08/003,STADIUM COVER,Kpirikpiri,Ebonyi,,6.3301650,8.1000684
11/04/08/004,ENUGWU UKWU HALL I,Kpirikpiri,Ebonyi,,6.3175873,8.0929403
11/04/08/005,ENUGWU UKWU HALL II,Kpirikpiri,Ebonyi,,6.4171472,7.5017003
11/04/08/006,GOVT. TRADE CENTRE I,Kpirikpiri,Ebonyi,,,
11/04/08/007,ST. PATRICKS PRIMARY SCHOOL,Kpirikpiri,Ebonyi,,6.3402002,8.0980122
11/04/08/008,GOVT. TRADE CENTRE II,Kpirikpiri,Ebonyi,,6.3298650,8.1018054
11/04/08/009,OBODO PARK,Kpirikpiri,Ebonyi,,,
11/04/08/010,UKWUAKPU MARKET SQUARE I,Kpirikpiri,Ebonyi,,6.3090585,8.1269838
11/04/08/011,UKWUAKPU MARKET SQUARE II,Kpirikpiri,Ebonyi,,6.3090585,8.1269838
11/04/08/012,OSIKE PETER PLAY GROUND,Kpirikpiri,Ebonyi,,6.1138186,8.2287695
11/04/08/013,NO. 1 AMAGU STREET,Kpirikpiri,Ebonyi,,6.3271690,8.0945214
11/04/08/014,OKPOKU-ORU,Kpirikpiri,Ebonyi,,6.3230592,8.1120597
11/04/08/015,IGWEJA PLAY GROUND,Kpirikpiri,Ebonyi,,6.0726106,7.9974890
11/04/08/016,NWEBONYI OPEN SPACE,Kpirikpiri,Ebonyi,,6.3316233,8.0911334
11/04/08/017,OPHOKE-ABA PARK,Kpirikpiri,Ebonyi,,6.3157461,8.1094772
11/04/08/018,EZIOGBODO LANE OPEN SPACE,Kpirikpiri,Ebonyi,,6.3316233,8.0911334
11/04/08/019,OFOKE ABA MARKET,Kpirikpiri,Ebonyi,,6.3238521,8.1219109
11/04/08/020,ALIGWE PLAY GROUND,Kpirikpiri,Ebonyi,,5.8747034,7.9428989
11/04/08/021,SAKAMORIS QUARTER,Kpirikpiri,Ebonyi,,6.3293931,8.1009911
11/04/08/022,OPHOKE NWOKPO PLAY GROUND,Kpirikpiri,Ebonyi,,6.0726106,7.9974890
11/04/08/023,ORUTA PLAY GROUND,Kpirikpiri,Ebonyi,,6.0327410,7.8092290
11/04/09/001,MBEKE PRIMARY SCHOOL,Mbeke,Ebonyi,,,
11/04/09/002,OHAGELEDO PRIMARY SCHOOL,Mbeke,Ebonyi,,6.3137096,8.1075132
11/04/09/003,OHAGELEDO VILLAGE SQUARE,Mbeke,Ebonyi,,6.3316233,8.0911334
11/04/09/004,NWODEBO PRIMARY SCHOOL,Mbeke,Ebonyi,,6.3137096,8.1075132
11/04/09/005,EKEBELIGWE PRIMARY SCHOOL,Mbeke,Ebonyi,,6.3137096,8.1075132
11/04/09/006,EKEBELIGWE VILLAGE SQUARE,Mbeke,Ebonyi,,6.3859518,8.0114112
11/04/09/007,NDIUGO PLAY GROUND,Mbeke,Ebonyi,,6.0436978,8.1642044
11/04/09/008,OBEGU OTEBU PLAY GROUND,Mbeke,Ebonyi,,5.8312737,7.9282347
11/04/09/009,OGBUTAROKU PRIMARY SCHOOL,Mbeke,Ebonyi,,6.2956696,8.0868580
11/04/09/010,NKUMORO PRIMARY SCHOOL,Mbeke,Ebonyi,,6.2956696,8.0868580
11/04/09/011,MBEKE NWAJI PRIMARY SCHOOL,Mbeke,Ebonyi,,,
11/04/09/012,NDUNWEDU PLAY GROUND,Mbeke,Ebonyi,,6.2274593,8.2532832
11/04/09/013,AZUOKPURU PLAY GROUND,Mbeke,Ebonyi,,6.0693200,7.8763770
11/04/09/014,OMA-OHAGE PLAY GROUND,Mbeke,Ebonyi,,6.3381727,8.0607114
11/04/09/015,NDUNWALEKE PLAY GROUND,Mbeke,Ebonyi,,6.2274593,8.2532832
11/04/09/016,OFFIA- UBE PLAY GROUND,Mbeke,Ebonyi,,6.3474107,8.0626901
11/04/09/017,NDIOGODO- ABA PRIMARY SCHOOL,Mbeke,Ebonyi,,6.0486376,8.0205345
11/04/09/018,OCHAPFU PRIMARY SCHOOL,Mbeke,Ebonyi,,6.3175504,8.1163134
11/04/09/019,EDUPFU MOTO PLAY GROUND,Mbeke,Ebonyi,,,
11/04/10/001,OGBALA PRIMARY SCHOOL,Ndiagu,Ebonyi,,6.3309358,8.1200300
11/04/10/002,EDUKWU PLAY GROUND,Ndiagu,Ebonyi,,6.0651360,8.2462640
11/04/10/003,EDUKWU NDIOGODO,Ndiagu,Ebonyi,,6.5349218,8.0898329
11/04/10/004,IGA PLAY GROUND,Ndiagu,Ebonyi,,5.8312737,7.9282347
11/04/10/005,OZANTA PLAY GROUND,Ndiagu,Ebonyi,,6.0372040,7.8078480
11/04/10/006,OZANTA MARKET SQUARE,Ndiagu,Ebonyi,,6.3090585,8.1269838
11/04/10/007,NWOGBOJI JUNCTION,Ndiagu,Ebonyi,,6.0344099,7.8214697
11/04/10/008,OBEGU IZENYI,Ndiagu,Ebonyi,,6.6140417,7.7525352
11/04/10/009,IZZIOPHU PRIMARY SCHOOL,Ndiagu,Ebonyi,,6.3137727,8.1120990
11/04/10/010,EKIRIGWE PRIMARY SCHOOL,Ndiagu,Ebonyi,,6.0486376,8.0205345
11/04/10/011,NDIKPA JUNCTION,Ndiagu,Ebonyi,,6.4764918,7.7751597
11/04/10/012,EDE PLAY GROUND,Ndiagu,Ebonyi,,5.8312737,7.9282347
11/04/10/013,NDIAWOKE PLAY GROUND,Ndiagu,Ebonyi,,6.0724030,8.1164200
11/04/11/001,NDIEBOR PRIMARY SCHOOL,Ndiebor,Ebonyi,,5.8696874,7.9398322
11/04/11/002,UGBONA PRIMARY SCHOOL,Ndiebor,Ebonyi,,6.3175504,8.1163134
11/04/11/003,ODOMOKE PRIMARY SCHOOL,Ndiebor,Ebonyi,,6.3497289,8.0612186
11/04/11/004,ALIBARUHU VILLAGE HALL,Ndiebor,Ebonyi,,,
11/04/11/005,EDEDAGU PRIMARY SCHOOL,Ndiebor,Ebonyi,,6.3846651,8.0646374
11/04/11/006,EDUKWU OGBO PRIMARY SCHOOL,Ndiebor,Ebonyi,,6.3137096,8.1075132
11/04/11/007,NDIOKE VILLAGE SQUARE,Ndiebor,Ebonyi,,6.3257309,8.1160310
11/04/11/008,UDOKA MARKET STALL,Ndiebor,Ebonyi,,6.4734793,7.9565917
11/04/11/009,"EBSUC,ISHIEKE",Ndiebor,Ebonyi,,6.3859518,8.0114112
11/04/11/010,EDUKWU OKPUU IDEMBIA,Ndiebor,Ebonyi,,6.3859518,8.0114112
11/04/11/011,EDUKWU KPOKIRIKPO,Ndiebor,Ebonyi,,6.1158261,8.1651898
11/04/11/012,IZZI HIGH SCHOOL,Ndiebor,Ebonyi,,6.3797378,8.0370657
11/04/11/013,EDUKWU UGBONNA,Ndiebor,Ebonyi,,6.1158261,8.1651898
11/04/11/014,ODUMOKE PLAY GROUND,Ndiebor,Ebonyi,,6.2231581,8.2583588
11/04/11/015,ALIBARUHU PRIM. SCHOOL,Ndiebor,Ebonyi,,6.3137727,8.1120990
11/04/11/016,EDUKWU CHART PLAY GROUND,Ndiebor,Ebonyi,,5.8312737,7.9282347
11/04/11/017,OVUDU EBONYI PLAY GROUND,Ndiebor,Ebonyi,,5.8312737,7.9282347
11/04/11/018,IZIOLA PRIM. SCHOOL,Ndiebor,Ebonyi,,6.0486376,8.0205345
11/04/11/019,EDUKWU OBEGU VILLAGE SQUARE,Ndiebor,Ebonyi,,6.1158261,8.1651898
11/04/11/020,NWIZIOGO OKIGBO JUNCTION,Ndiebor,Ebonyi,,6.3316233,8.0911334
11/04/11/021,EDOMIA PRIMARY SCHOOL,Ndiebor,Ebonyi,,6.0486376,8.0205345
11/04/11/022,EDUKWU EDEGE PLAY GROUND,Ndiebor,Ebonyi,,6.1138186,8.2287695
11/04/11/023,AKAHU NWASWA EDOMIA PLAY GROUND,Ndiebor,Ebonyi,,6.3187226,8.1415943
11/04/12/001,OKWORIKE PLAY GROUND,Onuenyim,Ebonyi,,5.8312737,7.9282347
11/04/12/002,IGWELEDOHA PLAY GROUND,Onuenyim,Ebonyi,,5.8312737,7.9282347
11/04/12/003,NDIOFIA MARKET SQUARE,Onuenyim,Ebonyi,,6.3090585,8.1269838
11/04/12/004,ONUENYIM PLAY GROUND,Onuenyim,Ebonyi,,6.2180834,8.3979926
11/04/12/005,IZENYI AGALEGU PRIMARY SCHOOL,Onuenyim,Ebonyi,,6.3137727,8.1120990
11/04/12/006,NDIUGO PRIMARY SCHOOL,Onuenyim,Ebonyi,,6.0486376,8.0205345
11/04/12/007,ITODO JUNCTION IGWELEDOHA,Onuenyim,Ebonyi,,6.3316233,8.0911334
11/04/12/008,EDUKWU INYIMA PRIMARY SCHOOL,Onuenyim,Ebonyi,,6.3137096,8.1075132
11/04/12/009,NDOFFIA PRIMARY SCHOOL,Onuenyim,Ebonyi,,5.7980494,7.9353995
11/04/12/010,EDUKWUEGBU HEALTH CENTRE,Onuenyim,Ebonyi,,6.3256986,8.0799691
11/04/12/011,ALEKE OKPUCHA JUNCTION ONU ISHIEKE,Onuenyim,Ebonyi,,6.3859518,8.0114112
11/04/13/001,NEW LAYOUT PRIMARY SCHOOL I,Urban New Layout,Ebonyi,,,
11/04/13/002,NEW LAYOUT PRIMARY SCHOOL II,Urban New Layout,Ebonyi,,6.3175504,8.1163134
11/04/13/003,NEW LAYOUT PRIMARY SCHOOL III,Urban New Layout,Ebonyi,,6.3175504,8.1163134
11/04/13/004,NEW LAYOUT PRIMARY SCHOOL IV,Urban New Layout,Ebonyi,,6.3175504,8.1163134
11/04/13/005,NUT PREMISES,Urban New Layout,Ebonyi,,6.3257309,8.1160310
11/04/13/006,VET. CENTRE,Urban New Layout,Ebonyi,,,
11/04/13/007,GUNNING ROAD/WATER WORKS,Urban New Layout,Ebonyi,,6.3280541,8.1096769
11/04/13/008,OKPAUGWU PRIMARY SCHOOL,Urban New Layout,Ebonyi,,6.3309547,8.1148463
11/04/13/009,CHILD WELFARE,Urban New Layout,Ebonyi,,6.3099210,8.1102792
11/04/13/010,AGULU HALL,Urban New Layout,Ebonyi,,,
11/04/13/011,AGUIRONSI STREET/ UKWU FRUIT,Urban New Layout,Ebonyi,,6.3210221,8.1149725
11/04/13/012,AGUIRONSI II,Urban New Layout,Ebonyi,,6.3257309,8.1160310
11/04/13/013,EJIOFOR II,Urban New Layout,Ebonyi,,6.3309243,8.1147418
11/04/13/014,EJIOFOR III,Urban New Layout,Ebonyi,,6.3309243,8.1147418
11/04/13/015,UKWU FRUIT/ WATCHMAN II,Urban New Layout,Ebonyi,,6.3071940,8.1009150
11/04/13/016,BESIDES WATCHMAN,Urban New Layout,Ebonyi,,6.3999003,7.9679499
11/04/13/017,CHRIST EMBASSY FRONT,Urban New Layout,Ebonyi,,6.3276564,8.1142938
11/04/13/018,LOW COST/ OKPAUGWU,Urban New Layout,Ebonyi,,6.3309547,8.1148463
11/04/13/019,VET. CENTER II,Urban New Layout,Ebonyi,,6.3240535,8.1119151
11/04/13/020,OKPAUGWU PRI. SCH. II,Urban New Layout,Ebonyi,,6.3309547,8.1148463
11/04/13/021,CHID WELLFARE II,Urban New Layout,Ebonyi,,6.3282121,8.0979109
11/05/01/001,CENTRAL SCHOOL AMUDA,Amuda / Amawula,Ezza North,,6.3123334,7.9168716
11/05/01/002,C.P.S. NDIABORA,Amuda / Amawula,Ezza North,,6.2977387,8.0903941
11/05/01/003,NWANKWO AMUDA,Amuda / Amawula,Ezza North,,6.1317758,8.1412983
11/05/01/004,EBUKU AMUDA,Amuda / Amawula,Ezza North,,6.3270984,8.1060590
11/05/01/005,NDIAGU UKORO TOWN HALL,Amuda / Amawula,Ezza North,,6.2829253,7.9810845
11/05/01/006,NDIAGU NWAKPARATA,Amuda / Amawula,Ezza North,,6.2018774,8.1174721
11/05/01/007,COMM. SCHOOL AMAWULA,Amuda / Amawula,Ezza North,,6.3123334,7.9168716
11/05/01/008,NWANKWO ACHI/CENTRAL SCHOOL AMAWULA,Amuda / Amawula,Ezza North,,6.1779730,7.9592863
11/05/01/009,AMAWULA TOWN HALL I,Amuda / Amawula,Ezza North,,6.2829253,7.9810845
11/05/01/010,AMAWULA TOWN HALL II,Amuda / Amawula,Ezza North,,6.2829253,7.9810845
11/05/01/011,AMAWULA VILLAGE SQUARE,Amuda / Amawula,Ezza North,,6.2829253,7.9810845
11/05/02/001,EKKA VILLAGE HALL,Ekka,Ezza North,,6.3076081,8.0290638
11/05/02/002,IGBUDU EKKA,Ekka,Ezza North,,6.3075562,8.1002529
11/05/02/003,OSUSARA,Ekka,Ezza North,,6.2829253,7.9810845
11/05/02/004,COMM. SCHOOL EKKA,Ekka,Ezza North,,6.3234681,8.0479004
11/05/02/005,ENYIBICHIRI HALL EKKA,Ekka,Ezza North,,6.3076081,8.0290638
11/05/02/006,NGAMGBO OKWORIKE,Ekka,Ezza North,,6.1323473,8.0219738
11/05/02/007,NWAFOR ISHIENYI,Ekka,Ezza North,,6.2829253,7.9810845
11/05/02/008,NGAMGBO-MGBO EKKA,Ekka,Ezza North,,6.3942754,7.9416293
11/05/02/009,INTEGRATION PRIMARY SCHOOL,Ekka,Ezza North,,6.3345945,8.0909439
11/05/02/010,NGAMGBO AGASHI,Ekka,Ezza North,,6.3977683,7.9715470
11/05/02/011,UMUOBI EKKA HALL,Ekka,Ezza North,,6.3076081,8.0290638
11/05/02/012,ECHIEMAMA ROAD NDUFU,Ekka,Ezza North,,6.3859518,8.0114112
11/05/02/013,NGAMGBO UMUAKAM,Ekka,Ezza North,,6.3076081,8.0290638
11/05/02/014,NGAMGBO EKWUANUA,Ekka,Ezza North,,6.3484999,7.9462000
11/05/02/015,IGWEBUIKE PRI/ SCHOOL,Ekka,Ezza North,,,
11/05/02/016,NGAMGBO EBUSIEIKE,Ekka,Ezza North,,6.3076081,8.0290638
11/05/03/001,UMUEKEE INYERE HALL,Inyere,Ezza North,,6.3076081,8.0290638
11/05/03/002,ONUNWORIE ELOM,Inyere,Ezza North,,6.3076081,8.0290638
11/05/03/003,NGAMGBO OJI-EGBE,Inyere,Ezza North,,6.2051738,7.8993756
11/05/03/004,NGAMGBO ENYIBICHIRI,Inyere,Ezza North,,,
11/05/03/005,NGAMGBO NWAKPAKA,Inyere,Ezza North,,6.2977387,8.0903941
11/05/03/006,NGAMGBO IDEMBIA,Inyere,Ezza North,,6.1371191,8.0103861
11/05/04/001,NGAMGBO-IGWELEDEOHA,Ndiaguazu - Umuoghara,Ezza North,,6.2829253,7.9810845
11/05/04/002,AZU ISUMA,Ndiaguazu - Umuoghara,Ezza North,,6.2561739,8.0083414
11/05/04/003,NGAMGBO AZUOSE,Ndiaguazu - Umuoghara,Ezza North,,6.3076081,8.0290638
11/05/04/004,ONUZO NWOKEREKWU,Ndiaguazu - Umuoghara,Ezza North,,6.3076081,8.0290638
11/05/04/005,C.P.S OGHARUGO,Ndiaguazu - Umuoghara,Ezza North,,6.2829253,7.9810845
11/05/04/006,ONUEBONYI NWANKWO,Ndiaguazu - Umuoghara,Ezza North,,6.3076081,8.0290638
11/05/04/007,UPE OGUDALI,Ndiaguazu - Umuoghara,Ezza North,,6.3076081,8.0290638
11/05/04/008,NGAMGBO ENYIRINWA,Ndiaguazu - Umuoghara,Ezza North,,6.2829253,7.9810845
11/05/04/009,NGAMGBO OHINYA,Ndiaguazu - Umuoghara,Ezza North,,6.2829253,7.9810845
11/05/04/010,ONU NWEKE IKEGWU,Ndiaguazu - Umuoghara,Ezza North,,6.3076081,8.0290638
11/05/04/011,COMM. PRIM. SCH. IGWELEDEOHA,Ndiaguazu - Umuoghara,Ezza North,,6.3345945,8.0909439
11/05/04/012,CPS CAMPUS II EBIAJI,Ndiaguazu - Umuoghara,Ezza North,,6.3256769,8.0778545
11/05/04/013,NGAMGBO INYIMOKA P/G,Ndiaguazu - Umuoghara,Ezza North,,6.2829253,7.9810845
11/05/04/014,NGAMGBO EGWU OGHARUGO,Ndiaguazu - Umuoghara,Ezza North,,6.3076081,8.0290638
11/05/04/015,NGAMGBO EVU P/G,Ndiaguazu - Umuoghara,Ezza North,,6.2829253,7.9810845
11/05/04/016,NGAMGBO ISIAGU,Ndiaguazu - Umuoghara,Ezza North,,6.2829253,7.9810845
11/05/04/017,NGAMGBO EBIAJI HALL,Ndiaguazu - Umuoghara,Ezza North,,6.2829253,7.9810845
11/05/04/018,C. P.S. AZUNRAMURA SCH.,Ndiaguazu - Umuoghara,Ezza North,,6.1767103,8.0450499
11/05/05/001,OHAIKE,Nkomoro,Ezza North,,6.3076081,8.0290638
11/05/05/002,COMM. SCHOOL ONUAFOR,Nkomoro,Ezza North,,6.2418499,7.9170733
11/05/05/003,OMEGE OHAIKE,Nkomoro,Ezza North,,6.3143768,7.9919860
11/05/05/004,CPS UDENYI NKOMORO,Nkomoro,Ezza North,,6.2422202,7.9164513
11/05/05/005,CENTRAL SCHOOL UDENYI,Nkomoro,Ezza North,,6.1767103,8.0450499
11/05/05/006,NGAMGBO NKOMORO,Nkomoro,Ezza North,,6.2524746,7.9048200
11/05/05/007,OMEGE NGAMGBO NOKO,Nkomoro,Ezza North,,6.2051738,7.8993756
11/05/05/008,IGWELEDEOHA,Nkomoro,Ezza North,,6.3076081,8.0290638
11/05/05/009,NGAMGBO IGWELEDEOHA,Nkomoro,Ezza North,,6.3076081,8.0290638
11/05/05/010,AMENYI,Nkomoro,Ezza North,,6.2422202,7.9164513
11/05/05/011,NGAMGBO IGBOKE,Nkomoro,Ezza North,,6.3076081,8.0290638
11/05/05/012,COMM. SCHOOL UDENYI,Nkomoro,Ezza North,,6.2418499,7.9170733
11/05/05/013,NGAMGBO OHAIKE NKOMORO,Nkomoro,Ezza North,,6.2524746,7.9048200
11/05/05/014,ONUAFOR URBAN MARKET,Nkomoro,Ezza North,,6.1472758,7.9777589
11/05/06/001,CENTRAL PRIMARY SCHOOL AMAGU I,Ogboji,Ezza North,,6.3175504,8.1163134
11/05/06/002,CENTRAL PRIMARY SCHOOL AMAGU II,Ogboji,Ezza North,,6.3175504,8.1163134
11/05/06/003,UNIVERSAL PRIMARY EDUCATION OGBOJI I,Ogboji,Ezza North,,6.3474107,8.0626901
11/05/06/004,UNIVERSAL PRIMARY EDUCATION OGBOJI II,Ogboji,Ezza North,,6.2051738,7.8993756
11/05/06/005,NWORIE ACHIAGU,Ogboji,Ezza North,,6.2150476,7.9429421
11/05/06/006,NWORIE ACHIAGU OGBOJI,Ogboji,Ezza North,,,
11/05/06/007,OBUAGU OGBOJI I,Ogboji,Ezza North,,6.2150476,7.9429421
11/05/06/008,OBUAGU OGBOJI II,Ogboji,Ezza North,,6.2150476,7.9429421
11/05/06/009,OBUAGU OGBOJI III,Ogboji,Ezza North,,6.2150476,7.9429421
11/05/06/010,COMM. SCHOOL OGBOJI NDIAGU I,Ogboji,Ezza North,,6.2150476,7.9429421
11/05/06/011,COMM. SCHOOL OGBOJI NDIAGU II,Ogboji,Ezza North,,6.2150476,7.9429421
11/05/06/012,C.S. OGBOJI III,Ogboji,Ezza North,,6.2150476,7.9429421
11/05/06/013,ACHIAGU OGBOJI,Ogboji,Ezza North,,6.2011000,7.9679000
11/05/07/001,EKWETEKWE,Okposi Umuoghara,Ezza North,,6.3076081,8.0290638
11/05/07/002,C.P.S ENYIM,Okposi Umuoghara,Ezza North,,6.3190604,8.0301544
11/05/07/003,C.P.S UGALABA I,Okposi Umuoghara,Ezza North,,6.3190604,8.0301544
11/05/07/004,C.P.S UGALABA II,Okposi Umuoghara,Ezza North,,6.2863728,8.0192713
11/05/07/005,EKUJI ENYIM,Okposi Umuoghara,Ezza North,,6.3076081,8.0290638
11/05/07/006,C.S OKPOSI I,Okposi Umuoghara,Ezza North,,6.2866065,8.0202696
11/05/07/007,C.S OKPOSI II,Okposi Umuoghara,Ezza North,,6.2866065,8.0202696
11/05/07/008,ONUNWORIE NDIABO,Okposi Umuoghara,Ezza North,,6.3076081,8.0290638
11/05/07/009,ENYIBICHIRI,Okposi Umuoghara,Ezza North,,6.3076081,8.0290638
11/05/07/010,NGAMGBO UGBALOKE,Okposi Umuoghara,Ezza North,,6.3190604,8.0301544
11/05/07/011,UHUBA OGBAGA,Okposi Umuoghara,Ezza North,,6.3190604,8.0301544
11/05/07/012,NGAMGBO EZE,Okposi Umuoghara,Ezza North,,6.3076081,8.0290638
11/05/07/013,COMM. PRI.SCH. OKPOSI,Okposi Umuoghara,Ezza North,,6.2840849,8.0208608
11/05/07/014,ENYIARIGWE VILLAGE P/G,Okposi Umuoghara,Ezza North,,6.3076081,8.0290638
11/05/07/015,CPS ONUOFOKE ENYIM,Okposi Umuoghara,Ezza North,,6.3076081,8.0290638
11/05/07/016,CPS ENYIM II,Okposi Umuoghara,Ezza North,,6.3190604,8.0301544
11/05/07/017,NGAMGBO ACHI VILLAGE SQUARE,Okposi Umuoghara,Ezza North,,6.3076081,8.0290638
11/05/07/018,NGAMGBO UKORO VILLAGE SQUARE,Okposi Umuoghara,Ezza North,,6.3076081,8.0290638
11/05/07/019,ONUNWAFOR VILLAGE SQUARE,Okposi Umuoghara,Ezza North,,6.3076081,8.0290638
11/05/07/020,UWAOMA PRIMARY SCHOOL,Okposi Umuoghara,Ezza North,,6.2840849,8.0208608
11/05/07/021,IGWEMIRI P/G,Okposi Umuoghara,Ezza North,,6.3190604,8.0301544
11/05/07/022,ENYIBICHIRI II,Okposi Umuoghara,Ezza North,,6.3190604,8.0301544
11/05/07/023,AGUDIEGWU P/G,Okposi Umuoghara,Ezza North,,6.3190604,8.0301544
11/05/07/024,IMELU VILLAGE,Okposi Umuoghara,Ezza North,,6.3076081,8.0290638
11/05/07/025,OGBAGA II P/G,Okposi Umuoghara,Ezza North,,6.3190604,8.0301544
11/05/07/026,OKPOKO VILLAGE P/G,Okposi Umuoghara,Ezza North,,6.3076081,8.0290638
11/05/07/027,ETITI VILLAGE SQUARE,Okposi Umuoghara,Ezza North,,6.3076081,8.0290638
11/05/08/001,ORIE NDUHU,Omege Umuezeokoha,Ezza North,,6.3143768,7.9919860
11/05/08/002,NGAMGBO UGWUEKWO,Omege Umuezeokoha,Ezza North,,6.3143768,7.9919860
11/05/08/003,UGBONA ONU ORIE,Omege Umuezeokoha,Ezza North,,6.3143768,7.9919860
11/05/08/004,NGAMGBO IGWE OKALERU,Omege Umuezeokoha,Ezza North,,6.3143768,7.9919860
11/05/08/005,COM. PRI.SCH.CAMPUS OMEGE I,Omege Umuezeokoha,Ezza North,,6.3438106,7.9879541
11/05/08/006,NGAMGBO ONUEGBE,Omege Umuezeokoha,Ezza North,,6.3143768,7.9919860
11/05/08/007,COM. PRI.SCH.CAMPUS OMEGE II,Omege Umuezeokoha,Ezza North,,6.3438106,7.9879541
11/05/08/008,OKPUENYI ONU,Omege Umuezeokoha,Ezza North,,6.3143768,7.9919860
11/05/08/009,COMM. SEC. SCH. UMUEZEOKOHA 1,Omege Umuezeokoha,Ezza North,,6.3413337,7.9886534
11/05/08/010,COMM. SEC. SCH. UMUEZEOKOHA 11,Omege Umuezeokoha,Ezza North,,6.3438106,7.9879541
11/05/08/011,NGAMGBO UGBONA OHAGOLODE,Omege Umuezeokoha,Ezza North,,6.3143768,7.9919860
11/05/08/012,NGAMGBO ONUZO EGBE,Omege Umuezeokoha,Ezza North,,,
11/05/08/013,ONU NWORIE EBIAJI,Omege Umuezeokoha,Ezza North,,6.2221435,7.9953272
11/05/08/014,NGAMGBO OMEGE,Omege Umuezeokoha,Ezza North,,6.3143768,7.9919860
11/05/08/015,NGAMGBO ODEDEAGU,Omege Umuezeokoha,Ezza North,,6.3143768,7.9919860
11/05/08/016,NGAMGBO OKWEFURU IKE,Omege Umuezeokoha,Ezza North,,6.3143768,7.9919860
11/05/08/017,NGAMGBO AMAEGBU P/G,Omege Umuezeokoha,Ezza North,,6.3143768,7.9919860
11/05/08/018,NGAMGBO IGWEMIRI P/G,Omege Umuezeokoha,Ezza North,,,
11/05/08/019,NGAMGBO NWORIE OKALERU P/G,Omege Umuezeokoha,Ezza North,,,
11/05/08/020,ONU-NWANKWO C.P.S PRI/SCH,Omege Umuezeokoha,Ezza North,,6.3438106,7.9879541
11/05/08/021,NGAMGBO OJIEGBE P/G,Omege Umuezeokoha,Ezza North,,6.3143768,7.9919860
11/05/08/022,COMM. PRIMARY SCHOOL CAMPUS OMEGE II,Omege Umuezeokoha,Ezza North,,6.3413337,7.9886534
11/05/08/023,EZUMEZU P/G,Omege Umuezeokoha,Ezza North,,6.3143768,7.9919860
11/05/08/024,UYA HALL,Omege Umuezeokoha,Ezza North,,6.2829253,7.9810845
11/05/08/025,NWEKE ISIOFFIA MARKET SQ.,Omege Umuezeokoha,Ezza North,,6.3076081,8.0290638
11/05/08/026,OHATAEKWE TOWN HALL,Omege Umuezeokoha,Ezza North,,6.3076081,8.0290638
11/05/09/001,OHAGELODE UMUIGBOKE,Oriuzor,Ezza North,,6.2111415,8.0338056
11/05/09/002,C.P.S UMUIGBOKE,Oriuzor,Ezza North,,6.2977387,8.0903941
11/05/09/003,NGAMGBO IGWEKEORU,Oriuzor,Ezza North,,6.2829253,7.9810845
11/05/09/004,UMUNOKO AGBOM,Oriuzor,Ezza North,,6.2111415,8.0338056
11/05/09/005,CENTRAL SCHOOL ORIUZOR,Oriuzor,Ezza North,,6.2112160,8.0337629
11/05/09/006,NGAMGBO IGWE,Oriuzor,Ezza North,,6.3076081,8.0290638
11/05/09/007,C.P.S. UMOKE,Oriuzor,Ezza North,,6.2112160,8.0337629
11/05/09/008,ONUNWANKWO AGBA,Oriuzor,Ezza North,,6.2111415,8.0338056
11/05/09/009,NWEKE EKPURU,Oriuzor,Ezza North,,6.3076081,8.0290638
11/05/09/010,ODELIGBO VILLAGE HALL,Oriuzor,Ezza North,,6.0257786,8.0414772
11/05/09/011,NGAMGBO ODELIGBO,Oriuzor,Ezza North,,6.2829253,7.9810845
11/05/09/012,AMOGBU UMUEZIALI,Oriuzor,Ezza North,,6.2111415,8.0338056
11/05/09/013,COMM. SCHOOL ORIUZOR,Oriuzor,Ezza North,,6.2112160,8.0337629
11/05/09/014,NGAMGBO OWA,Oriuzor,Ezza North,,6.2111415,8.0338056
11/05/09/015,NGAMGBO EDEGE,Oriuzor,Ezza North,,6.3076081,8.0290638
11/05/09/016,NGAMGBO UKORO,Oriuzor,Ezza North,,6.1602569,8.1134704
11/05/09/017,NGAMGBO IMEABALI,Oriuzor,Ezza North,,6.3994465,7.9483898
11/05/09/018,UGWUOGO P/G,Oriuzor,Ezza North,,6.2111415,8.0338056
11/05/09/019,NGAMGBO AMAINYIMA,Oriuzor,Ezza North,,6.2829253,7.9810845
11/05/09/020,NGAMGBO ODE P/G,Oriuzor,Ezza North,,6.2111415,8.0338056
11/05/09/021,NGAMGBO ENWIRINWA,Oriuzor,Ezza North,,6.2829253,7.9810845
11/05/09/022,NGAMGBO MBAKA,Oriuzor,Ezza North,,6.3994465,7.9483898
11/05/09/023,NGAMGBO EGWUDINAGU,Oriuzor,Ezza North,,6.5815804,8.1283942
11/05/09/024,NGAMGBO ENYADULOGU,Oriuzor,Ezza North,,6.2829253,7.9810845
11/05/09/025,OKPONGA P/G,Oriuzor,Ezza North,,6.2111415,8.0338056
11/05/09/026,CPS OBULECHI UMORU,Oriuzor,Ezza North,,6.2112160,8.0337629
11/05/09/027,EKFUNAGU II V/SQ,Oriuzor,Ezza North,,6.2111415,8.0338056
11/05/09/028,AZUIYIUBO UMUEZEALI MKT /SQ,Oriuzor,Ezza North,,6.3316233,8.0911334
11/05/09/029,ELIEWHURU,Oriuzor,Ezza North,,6.2111415,8.0338056
11/05/09/030,NGAMGBO ONUZO MBELE P/G,Oriuzor,Ezza North,,,
11/05/09/031,NGAMGBO ONUZO NWANJA,Oriuzor,Ezza North,,6.2829253,7.9810845
11/05/09/032,ONUNWAFOR UMUEZEALI MKT SQUARE,Oriuzor,Ezza North,,6.3076081,8.0290638
11/05/10/001,C.P.S OSHIEGBE I,Oshiegbe Umuezeokoha,Ezza North,,6.3485030,7.9462519
11/05/10/002,C.P.S OSHIEGBE II,Oshiegbe Umuezeokoha,Ezza North,,6.3485030,7.9462519
11/05/10/003,C.P.S OSHIEGBE III,Oshiegbe Umuezeokoha,Ezza North,,6.3484999,7.9462000
11/05/10/004,C.P.S AZUITUMO I,Oshiegbe Umuezeokoha,Ezza North,,6.3438106,7.9879541
11/05/10/005,C.P.S AZUITUMO II,Oshiegbe Umuezeokoha,Ezza North,,6.3438106,7.9879541
11/05/10/006,C.P.S AZUITUMO III,Oshiegbe Umuezeokoha,Ezza North,,6.3438106,7.9879541
11/05/10/007,AZUITUMO TOWN HALL,Oshiegbe Umuezeokoha,Ezza North,,6.3076081,8.0290638
11/05/10/008,ETEGIDIGWE I,Oshiegbe Umuezeokoha,Ezza North,,6.3485030,7.9462519
11/05/10/009,ETEGIDIGWE II,Oshiegbe Umuezeokoha,Ezza North,,6.3485030,7.9462519
11/05/10/010,ANACHI TOWN HALL,Oshiegbe Umuezeokoha,Ezza North,,6.2829253,7.9810845
11/05/10/011,ANACHI PLAY GROUND,Oshiegbe Umuezeokoha,Ezza North,,6.3485030,7.9462519
11/05/10/012,ENYIARIGWE,Oshiegbe Umuezeokoha,Ezza North,,6.3485030,7.9462519
11/05/10/013,UKWOMA,Oshiegbe Umuezeokoha,Ezza North,,6.3485030,7.9462519
11/05/10/014,NGAMGBO UKWOMA,Oshiegbe Umuezeokoha,Ezza North,,6.3485030,7.9462519
11/05/10/015,CPS OSHIEGBE,Oshiegbe Umuezeokoha,Ezza North,,6.3485030,7.9462519
11/05/10/016,AMUZU PLAY GROUND,Oshiegbe Umuezeokoha,Ezza North,,,
11/05/10/017,OSHIEGBE MKT SQUARE,Oshiegbe Umuezeokoha,Ezza North,,6.3485030,7.9462519
11/05/10/018,OHINYA P/G,Oshiegbe Umuezeokoha,Ezza North,,6.3484999,7.9462000
11/05/10/019,ENYIARIGWE P/G,Oshiegbe Umuezeokoha,Ezza North,,6.3484999,7.9462000
11/05/10/020,UKWOMA P/G,Oshiegbe Umuezeokoha,Ezza North,,6.3484999,7.9462000
11/05/11/001,AZITUMO EKWETEKWE,Umuezeoka,Ezza North,,6.3076081,8.0290638
11/05/11/002,NGAMGBO OMEGE,Umuezeoka,Ezza North,,6.3143768,7.9919860
11/05/11/003,C.P.S NDIAGU EKWETEKWE,Umuezeoka,Ezza North,,6.2221435,7.9953272
11/05/11/004,NGAMGBO AKWA OMEGE,Umuezeoka,Ezza North,,6.3977683,7.9715470
11/05/11/005,CENTRAL SCHOOL UMUEZOKA,Umuezeoka,Ezza North,,6.2233228,7.9965772
11/05/11/006,NGAMGBO ENYAGRIGWE,Umuezeoka,Ezza North,,6.3076081,8.0290638
11/05/11/007,NDIAGU OGBUINYIAGU,Umuezeoka,Ezza North,,6.2571666,7.9429421
11/05/11/008,ST.AIDANS SECONDARY SCHOOL UMUEZEOKA,Umuezeoka,Ezza North,,,
11/05/11/009,UDENYI COMM. SCHOOL,Umuezeoka,Ezza North,,6.1767103,8.0450499
11/05/11/010,ALUBELEKE TOWN HALL,Umuezeoka,Ezza North,,6.2829253,7.9810845
11/05/11/011,OKOROKO TOWN HALL,Umuezeoka,Ezza North,,6.3076081,8.0290638
11/05/11/012,NGAMGBO ENARINA,Umuezeoka,Ezza North,,6.2829253,7.9810845
11/05/11/013,NGAMGBO EKWU,Umuezeoka,Ezza North,,6.2571666,7.9429421
11/05/11/014,NGAMGBO UKORO,Umuezeoka,Ezza North,,6.2571666,7.9429421
11/05/11/015,MGBOKO NWURO MKT SQ,Umuezeoka,Ezza North,,6.3076081,8.0290638
11/05/11/016,OJINWAMBA OKPOKUEGBE P/G,Umuezeoka,Ezza North,,6.2977387,8.0903941
11/05/11/017,ONUNWANKWO UMUEZEOKA MKT SQUARE,Umuezeoka,Ezza North,,6.2571666,7.9429421
11/05/11/018,C.P.S. NDIAGU OGBUINYAGU,Umuezeoka,Ezza North,,6.2221435,7.9953272
11/05/11/019,NGAMGBO NWOBOWHE P/G,Umuezeoka,Ezza North,,6.2977387,8.0903941
11/05/11/020,NWORIE EZZAUHU P/G,Umuezeoka,Ezza North,,6.2221435,7.9953272
11/05/11/021,OROKONU PLAY GROUND,Umuezeoka,Ezza North,,6.3076081,8.0290638
11/05/11/022,ONUZO UMUAFOGU P/G,Umuezeoka,Ezza North,,6.2221435,7.9953272
11/05/11/023,ONUAJA PLAY GROUND,Umuezeoka,Ezza North,,6.2571666,7.9429421
11/05/11/024,APS PRI/SCH ONUOKPUBE,Umuezeoka,Ezza North,,6.3175504,8.1163134
11/06/01/001,ABAJI VILLAGE SQUARE,Amaezekwe,Ezza South,,6.1797279,8.1004147
11/06/01/002,AGBAKORO VILLAGE SQUARE,Amaezekwe,Ezza South,,6.3076081,8.0290638
11/06/01/003,NDUFU VILLAGE SQUARE I,Amaezekwe,Ezza South,,6.1317758,8.1412983
11/06/01/004,NDUFU VILLAGE SQUARE II,Amaezekwe,Ezza South,,6.1317758,8.1412983
11/06/01/005,COMM. PRI. SCHOOL AMAEZEKWE,Amaezekwe,Ezza South,,6.1585146,8.0224311
11/06/01/006,NGAMGBO NDIAGUZU VILLAGE SQUARE,Amaezekwe,Ezza South,,6.1767103,8.0450499
11/06/01/007,EGUEFFIUM P/G,Amaezekwe,Ezza South,,6.1582704,8.0058014
11/06/01/008,NGAMGBO OGELE,Amaezekwe,Ezza South,,6.1767103,8.0450499
11/06/01/009,NGAMGBO AGBAKORO VIL.SQ II,Amaezekwe,Ezza South,,6.1767103,8.0450499
11/06/01/010,NGAMGBO EGUDINAGU P/G,Amaezekwe,Ezza South,,6.1582704,8.0058014
11/06/01/011,AMAEKPEKERE NDIAGU AZU PLAY/GROUND,Amaezekwe,Ezza South,,6.1289419,8.0738001
11/06/02/001,CENTRAL SCHOOL NSOKKARA I,Amagu/Nsokkara,Ezza South,,6.1767103,8.0450499
11/06/02/002,NWANKWO EDEGBE VILLAGE SQUARE,Amagu/Nsokkara,Ezza South,,6.3076081,8.0290638
11/06/02/003,NGAMGBO OMEGE,Amagu/Nsokkara,Ezza South,,,
11/06/02/004,CENTRAL SCHOOL NSOKKARA II,Amagu/Nsokkara,Ezza South,,,
11/06/02/005,COMM. SCHOOL NSOKKARA,Amagu/Nsokkara,Ezza South,,6.1767103,8.0450499
11/06/02/006,NGAMGBO EKWETEKWE VILLAGE SQUARE I,Amagu/Nsokkara,Ezza South,,6.3076081,8.0290638
11/06/02/007,NGAMGBO EKWETEKWE VILLAGE SQUARE II,Amagu/Nsokkara,Ezza South,,6.3076081,8.0290638
11/06/02/008,NGAMGBO NDUFU VILLAGE SQUARE,Amagu/Nsokkara,Ezza South,,6.1317758,8.1412983
11/06/02/009,COMM. SCHOOL AMAGU VILLAGE SQUARE,Amagu/Nsokkara,Ezza South,,6.1767103,8.0450499
11/06/02/010,AZUNWACHI VILLAGE SQUARE,Amagu/Nsokkara,Ezza South,,,
11/06/02/011,EKWUREKWU VILLAGE SQUARE,Amagu/Nsokkara,Ezza South,,6.3076081,8.0290638
11/06/02/012,NDIAGU AGALAGU,Amagu/Nsokkara,Ezza South,,6.2491510,8.1229329
11/06/02/013,NGAMGBO AMAOKPU VILLAGE SQUARE I,Amagu/Nsokkara,Ezza South,,6.3076081,8.0290638
11/06/02/014,NGAMGBO AMAOKPU VILLAGE SQUARE II,Amagu/Nsokkara,Ezza South,,,
11/06/02/015,IGWELEDOHA P/G,Amagu/Nsokkara,Ezza South,,,
11/06/02/016,EGUDINAGU P/G,Amagu/Nsokkara,Ezza South,,6.3256986,8.0799691
11/06/02/017,EKEBE NGWERE P/G,Amagu/Nsokkara,Ezza South,,,
11/06/02/018,NGAMGBOVILLAGE HALL,Amagu/Nsokkara,Ezza South,,6.2829253,7.9810845
11/06/02/019,NGAMGBO ODELIGBO,Amagu/Nsokkara,Ezza South,,,
11/06/02/020,OHIGBO VILLAGE SQ,Amagu/Nsokkara,Ezza South,,6.3076081,8.0290638
11/06/03/001,NGAMGBO ODANARA VILLAGE SQUARE,Amana,Ezza South,,,
11/06/03/002,NWAGODO MARKET SQUARE,Amana,Ezza South,,6.1704890,8.0292996
11/06/03/003,CENTRAL SCHOOL NDIAGU AMANA I,Amana,Ezza South,,6.1587665,8.0228801
11/06/03/004,CENTRAL SCHOOL NDIAGU AMANA II,Amana,Ezza South,,6.1587665,8.0228801
11/06/03/005,NGAMGBO UTARA VILLAGE SQUARE,Amana,Ezza South,,6.1652570,8.0437812
11/06/03/006,EGUAZUHU PLAY GROUND,Amana,Ezza South,,6.3480739,8.0548082
11/06/03/007,NGAMGBO ONUZONWOGWU,Amana,Ezza South,,6.3008326,8.1168014
11/06/03/008,CENTRAL SCHOOL AMANA,Amana,Ezza South,,6.1652570,8.0437812
11/06/03/009,NWORIE NDIAGUAZU MARKET SQUARE,Amana,Ezza South,,6.1704890,8.0292996
11/06/03/010,EZEKUNA PLAY GROUND,Amana,Ezza South,,6.1535708,8.0387342
11/06/03/011,NGAMGBO ODANARA II,Amana,Ezza South,,6.0837019,8.0130604
11/06/03/012,NWOGODO MARKET SQUARE II,Amana,Ezza South,,6.1704890,8.0292996
11/06/03/013,EZEKUNA PLAY GROUND II,Amana,Ezza South,,6.1535708,8.0387342
11/06/04/001,NGAMGBO ENYIM I,Ameka,Ezza South,,6.1952484,8.0919778
11/06/04/002,NGAMGBO ENYIM II,Ameka,Ezza South,,6.1952484,8.0919778
11/06/04/003,NGAMGBO ENYIM III,Ameka,Ezza South,,6.1952484,8.0919778
11/06/04/004,COMM. PRIMARY SCHOOL AMAJIM I,Ameka,Ezza South,,6.1797279,8.1004147
11/06/04/005,COMM. PRIMARY SCHOOL AMAJIM II,Ameka,Ezza South,,6.1797279,8.1004147
11/06/04/006,NGAMGBO UKORO,Ameka,Ezza South,,6.1632826,8.1182469
11/06/04/007,NGAMGBO IHOTOR,Ameka,Ezza South,,6.1584569,8.0992289
11/06/04/008,NGAMGBO OMEGE I,Ameka,Ezza South,,6.1779730,7.9592863
11/06/04/009,NGAMGBO OMEGE II,Ameka,Ezza South,,6.1779730,7.9592863
11/06/04/010,COMM. PRIMARY SCHOOL NDIAGU AZU,Ameka,Ezza South,,6.1111324,8.0074298
11/06/04/011,AMAOGWE VILLAGE SQUARE I,Ameka,Ezza South,,6.1735093,8.1194909
11/06/04/012,AMAOGWE VILLAGE SQUARE II,Ameka,Ezza South,,6.1735093,8.1194909
11/06/04/013,NGAMGBO UKORO IHOTOR,Ameka,Ezza South,,6.1602569,8.1134704
11/06/04/014,NDUFU VILLAGE SQUARE,Ameka,Ezza South,,6.1317758,8.1412983
11/06/04/015,NGAMGBO AMAOMA P/G,Ameka,Ezza South,,6.1735093,8.1194909
11/06/04/016,NGAMGBO OBUCHIE P/G,Ameka,Ezza South,,6.1735093,8.1194909
11/06/04/017,ISIOHU MMIRI P/G,Ameka,Ezza South,,6.1797279,8.1004147
11/06/04/018,ONU-UVU UBE IHOTOR P/G,Ameka,Ezza South,,,
11/06/04/019,NGAMGBO AZU-EGU P/G,Ameka,Ezza South,,6.1797279,8.1004147
11/06/04/020,NGAMGBO AMAINYIMA PLAY GROUND,Ameka,Ezza South,,5.8804052,7.9317484
11/06/04/021,OMO IMO HEALTH CENTER,Ameka,Ezza South,,6.1735093,8.1194909
11/06/05/001,ORIEGBE MARKET SQUARE I,Amudo/Okoffia,Ezza South,,6.0802096,8.0164455
11/06/05/002,ORIEGBE MARKET SQUARE II,Amudo/Okoffia,Ezza South,,6.0802096,8.0164455
11/06/05/003,ORIEGBE MARKET SQUARE III,Amudo/Okoffia,Ezza South,,6.0802096,8.0164455
11/06/05/004,COMM. PRY. SCHOOL AMUDO,Amudo/Okoffia,Ezza South,,6.0648882,8.0115816
11/06/05/005,NGAMGBO NWELE VILLAGE SQUARE,Amudo/Okoffia,Ezza South,,6.1097258,8.0208269
11/06/05/006,OBOMA OKOFFIA VILLAGE SQUARE I,Amudo/Okoffia,Ezza South,,6.0878982,8.0083414
11/06/05/007,OBOMA OKOFFIA VILLAGE SQUARE II,Amudo/Okoffia,Ezza South,,6.0878982,8.0083414
11/06/05/008,UGWEFERE OKOFFIA VILL SQUARE I,Amudo/Okoffia,Ezza South,,6.0878982,8.0083414
11/06/05/009,UGWEFERE OKOFFIA VILL SQUARE II,Amudo/Okoffia,Ezza South,,6.0878982,8.0083414
11/06/05/010,C.S NDIAGU OKOFFIA VILLAGE SQUARE,Amudo/Okoffia,Ezza South,,6.0878982,8.0083414
11/06/05/011,OKALERU VILLAGE SQUARE,Amudo/Okoffia,Ezza South,,6.0837019,8.0130604
11/06/05/012,EVURUIGU VILLAGE SQUARE,Amudo/Okoffia,Ezza South,,6.0837019,8.0130604
11/06/05/013,ORIEGBE MARKET SQUARE III,Amudo/Okoffia,Ezza South,,6.0802096,8.0164455
11/06/05/014,OMAJI PLAY GROUND,Amudo/Okoffia,Ezza South,,,
11/06/05/015,ANUMAOCHA PLAY GROUND,Amudo/Okoffia,Ezza South,,,
11/06/05/016,NDUFU AMUDO PLAY GROUND,Amudo/Okoffia,Ezza South,,6.0837019,8.0130604
11/06/05/017,NWEKE AGBAKORO MARKET SQ,Amudo/Okoffia,Ezza South,,6.1704890,8.0292996
11/06/05/018,COMMUNITY PRY SCH. AGUINYIMA,Amudo/Okoffia,Ezza South,,6.1111324,8.0074298
11/06/05/019,NGAMGBO EGUNWAFOR,Amudo/Okoffia,Ezza South,,6.0837019,8.0130604
11/06/05/020,AZUBO VIL. SQ,Amudo/Okoffia,Ezza South,,6.0878982,8.0083414
11/06/05/021,IGWEFERE NWEKE MKT SQ,Amudo/Okoffia,Ezza South,,6.1704890,8.0292996
11/06/05/022,OGUZARA ONWEYA TOWN HALL,Amudo/Okoffia,Ezza South,,6.2829253,7.9810845
11/06/05/023,UGWUEFERE NDUFU OKOFFIA PLAY GROUND,Amudo/Okoffia,Ezza South,,6.1317758,8.1412983
11/06/05/024,ORIE AKPAKA MARKET SQ,Amudo/Okoffia,Ezza South,,,
11/06/05/025,AZUEGU P/G,Amudo/Okoffia,Ezza South,,6.0837019,8.0130604
11/06/05/026,NGAMGBO ODAGERU PLAY GROUND,Amudo/Okoffia,Ezza South,,6.1704890,8.0292996
11/06/05/027,EGUIRU VILLAGE SQ,Amudo/Okoffia,Ezza South,,6.0837019,8.0130604
11/06/06/001,COMM. SECONDARY SCHOOL AMUZU I,Amuzu,Ezza South,,6.1767103,8.0450499
11/06/06/002,COMM. SECONDARY SCHOOL AMUZU II,Amuzu,Ezza South,,6.1767103,8.0450499
11/06/06/003,COMM. SECONDARY SCHOOL AMUZU III,Amuzu,Ezza South,,6.1767103,8.0450499
11/06/06/004,OGEWEKWE VILLAGE SQUARE HALL I,Amuzu,Ezza South,,6.1767103,8.0450499
11/06/06/005,OGEWEKWE VILLAGE SQUARE HALL II,Amuzu,Ezza South,,6.2829253,7.9810845
11/06/06/006,ORINTE PLAY GROUND,Amuzu,Ezza South,,6.1614302,8.0354127
11/06/06/007,OHOFIA PLAY GROUND,Amuzu,Ezza South,,6.2033481,8.0702703
11/06/06/008,NTEZI AMUZU PLAY GROUND I,Amuzu,Ezza South,,6.1703556,8.0287909
11/06/06/009,NTEZI AMUZU PLAY GROUND II,Amuzu,Ezza South,,6.1703556,8.0287909
11/06/06/010,INYIMA VILLAGE SQUARE,Amuzu,Ezza South,,6.1703556,8.0287909
11/06/06/011,OMEGE PLAY GROUND,Amuzu,Ezza South,,6.2003799,8.0746525
11/06/06/012,NWAKPU OBASI P/G,Amuzu,Ezza South,,6.1756919,8.0436445
11/06/06/013,OGBOJI PLAY GROUND,Amuzu,Ezza South,,6.0693200,7.8763770
11/06/06/014,UCHAKURU P/G,Amuzu,Ezza South,,6.1767103,8.0450499
11/06/06/015,NGAMGBO UGBALA ONU UKWUACHI P/G,Amuzu,Ezza South,,6.1704890,8.0292996
11/06/06/016,NWAFIA ONUOJI P/G,Amuzu,Ezza South,,6.1767103,8.0450499
11/06/06/017,NGAMGBO OKPUREGEDE P/G,Amuzu,Ezza South,,6.1767103,8.0450499
11/06/06/018,NWAFOR UTALI P/G,Amuzu,Ezza South,,6.1756919,8.0436445
11/06/07/001,NGAMGBO AMEBO VILLAGE SQUARE I,Echara,Ezza South,,6.0802096,8.0164455
11/06/07/002,NGAMGBO AMEBO VILLAGE SQUARE II,Echara,Ezza South,,6.0802096,8.0164455
11/06/07/003,NGAMGBO AMEBO VILLAGE SQUARE III,Echara,Ezza South,,6.0802096,8.0164455
11/06/07/004,CENTRAL SCHOOL ECHARA,Echara,Ezza South,,6.1587665,8.0228801
11/06/07/005,AZUEBONYI ECHARA VILLAGE SQUARE I,Echara,Ezza South,,6.3076081,8.0290638
11/06/07/006,AZUEBONYI ECHARA VILLAGE SQUARE II,Echara,Ezza South,,6.1232328,8.0883510
11/06/07/007,EKEREIGWE VILLAGE SQUARE,Echara,Ezza South,,6.1426783,7.9451822
11/06/07/008,AMEBIA VILLAGE SQUARE,Echara,Ezza South,,6.2977387,8.0903941
11/06/07/009,NGAMGBO AKATAKA VILLAGE SQUARE I,Echara,Ezza South,,,
11/06/07/010,NGAMGBO AKATAKA VILLAGE SQUARE II,Echara,Ezza South,,,
11/06/07/011,NGAMGBO ABAM VILLAGE SQUARE,Echara,Ezza South,,,
11/06/08/001,COMM. SCHOOL AMETA I,Ezzama,Ezza South,,6.1652570,8.0437812
11/06/08/002,COMM. SCHOOL AMETA II,Ezzama,Ezza South,,6.1652570,8.0437812
11/06/08/003,NGAMGBO KPAKPAJI,Ezzama,Ezza South,,6.1582704,8.0058014
11/06/08/004,ONUNWAFOR VILLAGE SQUARE,Ezzama,Ezza South,,6.1533226,7.9745525
11/06/08/005,CENTRAL SCHOOL ONUNWAFOR,Ezzama,Ezza South,,6.1587665,8.0228801
11/06/08/006,NGAMGBO EKELEBI,Ezzama,Ezza South,,6.1514364,7.9756343
11/06/08/007,OHINYA VILLAGE SQUARE,Ezzama,Ezza South,,6.1514364,7.9756343
11/06/08/008,ONUNWANKWO PLAY GROUND,Ezzama,Ezza South,,6.1476012,7.9968502
11/06/08/009,NGAMGBO ISHIEKE SQUARE,Ezzama,Ezza South,,6.3994465,7.9483898
11/06/08/010,OROKE ONUOHA VILLAGE SQUARE,Ezzama,Ezza South,,6.3076081,8.0290638
11/06/08/011,OPALEKE VILLAGE SQUARE,Ezzama,Ezza South,,6.1514364,7.9756343
11/06/08/012,IMEABALI VILLAGE SQUARE I,Ezzama,Ezza South,,6.1514364,7.9756343
11/06/08/013,IMEABALI VILLAGE SQUARE II,Ezzama,Ezza South,,6.1456000,8.0040000
11/06/09/001,AZUEBONYI VILLAGE SQUARE I,Ikwuator/Idembia,Ezza South,,6.0838526,7.9266015
11/06/09/002,AZUEBONYI VILLAGE SQUARE II,Ikwuator/Idembia,Ezza South,,6.0838526,7.9266015
11/06/09/003,NWANKWO UGWUOGO I,Ikwuator/Idembia,Ezza South,,6.0838526,7.9266015
11/06/09/004,NWANKWO UGWUOGO II,Ikwuator/Idembia,Ezza South,,6.0838526,7.9266015
11/06/09/005,UGWUGO AZUEBONYI,Ikwuator/Idembia,Ezza South,,6.0838526,7.9266015
11/06/09/006,ORIE MARKET SQUARE I,Ikwuator/Idembia,Ezza South,,6.3088938,7.6548110
11/06/09/007,ORIE MARKET SQUARE II,Ikwuator/Idembia,Ezza South,,6.0802096,8.0164455
11/06/09/008,NGAMGBO OHAGE I,Ikwuator/Idembia,Ezza South,,6.0838526,7.9266015
11/06/09/009,NGAMGBO OHAGE II,Ikwuator/Idembia,Ezza South,,6.0838526,7.9266015
11/06/09/010,ONUNWAFOR VILLAGE SQUARE,Ikwuator/Idembia,Ezza South,,6.0838526,7.9266015
11/06/09/011,NGAMGBO INYIMA EGU I,Ikwuator/Idembia,Ezza South,,6.0838526,7.9266015
11/06/09/012,NGAMGBO INYIMA EGU II,Ikwuator/Idembia,Ezza South,,6.0838526,7.9266015
11/06/09/013,OCHUHU AGBA VIILAGE SQUARE I,Ikwuator/Idembia,Ezza South,,6.0838526,7.9266015
11/06/09/014,OCHUHU AGBA VIILAGE SQUARE II,Ikwuator/Idembia,Ezza South,,6.0838526,7.9266015
11/06/09/015,ONUNWANKWO EZEKUNA,Ikwuator/Idembia,Ezza South,,6.0838526,7.9266015
11/06/09/016,NGAMGBO ONUZOR NWEKE UGOTA,Ikwuator/Idembia,Ezza South,,6.3859518,8.0114112
11/06/09/017,CENTRAL SCHOOL IDEMBIA,Ikwuator/Idembia,Ezza South,,6.3438106,7.9879541
11/06/09/018,CAMPUS II PRI. SCH. OCHUVU AGBA,Ikwuator/Idembia,Ezza South,,6.1158261,8.1651898
11/06/09/019,ONU ORIE BOREHOLE,Ikwuator/Idembia,Ezza South,,6.1505136,7.8004331
11/06/10/001,ONUEKE/AFIKPO ROAD,Onueke Urban,Ezza South,,6.1323473,8.0219738
11/06/10/002,ONUEKE MARKET SQUARE I,Onueke Urban,Ezza South,,6.1704890,8.0292996
11/06/10/003,EGUDIEGWU / AKAFI VILLAGE SQUARE,Onueke Urban,Ezza South,,6.1704890,8.0292996
11/06/10/004,ONUEKE MARKET SQUARE II,Onueke Urban,Ezza South,,6.1704890,8.0292996
11/06/10/005,NDI ACHI PLAY GROUND,Onueke Urban,Ezza South,,6.1704890,8.0292996
11/06/10/006,IKWO ROAD JUNCTION,Onueke Urban,Ezza South,,6.1323473,8.0219738
11/06/10/007,OFEREKPE VILLAGE SQUARE,Onueke Urban,Ezza South,,,
11/06/10/008,ONUEKE VILLAGE SQUARE,Onueke Urban,Ezza South,,6.1323473,8.0219738
11/06/10/009,ONUEKE MOTOR PARK I,Onueke Urban,Ezza South,,6.1323473,8.0219738
11/06/10/010,ONUEKE MOTOR PARK II,Onueke Urban,Ezza South,,,
11/06/10/011,CENTRAL SCHOOL ONUEKE I,Onueke Urban,Ezza South,,6.1587665,8.0228801
11/06/10/012,CENTRAL SCHOOL ONUEKE II,Onueke Urban,Ezza South,,6.1587665,8.0228801
11/06/10/013,AMAOBELEBE JUNCTION,Onueke Urban,Ezza South,,6.1323473,8.0219738
11/06/10/014,AMAOBELEBE JUNCTION,Onueke Urban,Ezza South,,6.1323473,8.0219738
11/06/10/015,AMAOBELEBE JUNCTION,Onueke Urban,Ezza South,,6.1323473,8.0219738
11/06/10/016,NEW IKWO ROAD JUNCTION,Onueke Urban,Ezza South,,6.1694369,8.0321512
11/06/10/017,OGIJI INYA PLAY GROUND,Onueke Urban,Ezza South,,6.0393016,8.1326611
11/06/10/018,AMAOBELEBE MARKET SQ,Onueke Urban,Ezza South,,,
11/06/10/019,ISI OKWU MARKET SQUARE,Onueke Urban,Ezza South,,6.1323473,8.0219738
11/06/10/020,IWHOROEGU PLAY GROUND,Onueke Urban,Ezza South,,6.1704890,8.0292996
11/06/10/021,UKWUAKPARATA PLAY GROUND ONUEKE,Onueke Urban,Ezza South,,6.1323473,8.0219738
11/06/11/001,C.P.S UMUNWAGU,Umunwagu / Idembia,Ezza South,,6.1364000,8.0090000
11/06/11/002,ONUNWANKWOR VILLLAGE SQUARE,Umunwagu / Idembia,Ezza South,,6.1203858,7.9429421
11/06/11/003,OROKOME VILLAGE SQUARE,Umunwagu / Idembia,Ezza South,,6.1425816,7.9525995
11/06/11/004,EZIGA VILLAGE SQUARE I,Umunwagu / Idembia,Ezza South,,6.2829253,7.9810845
11/06/11/005,EZIGA VILLAGE SQUARE II,Umunwagu / Idembia,Ezza South,,6.2829253,7.9810845
11/06/11/006,AMEBIA VILLAGE SQUARE I,Umunwagu / Idembia,Ezza South,,6.1364000,8.0090000
11/06/11/007,AMEBIA VILLAGE SQUARE II,Umunwagu / Idembia,Ezza South,,6.1364000,8.0090000
11/06/11/008,AZUEBONYI VILLAGE SQUARE,Umunwagu / Idembia,Ezza South,,6.1353000,8.0032000
11/06/11/009,NGAMGBO AKPIKO VILLAGE SQUARE,Umunwagu / Idembia,Ezza South,,6.1364000,8.0090000
11/06/11/010,NGAMGBO AKPUGO SQUARE,Umunwagu / Idembia,Ezza South,,6.3977683,7.9715470
11/06/11/011,OMEGE AKPUGO SQUARE,Umunwagu / Idembia,Ezza South,,6.1756919,8.0436445
11/06/11/012,CENTRAL SCHOOL IDEMBIA,Umunwagu / Idembia,Ezza South,,6.1587665,8.0228801
11/06/11/013,NWAFOR ENYIM VILLAGE HALL,Umunwagu / Idembia,Ezza South,,6.2829253,7.9810845
11/06/11/014,NGAMGBO UMUAKU MARKET SQ.,Umunwagu / Idembia,Ezza South,,6.1203858,7.9429421
11/06/11/015,NGAMGBO OTARURU,Umunwagu / Idembia,Ezza South,,6.1203858,7.9429421
11/07/01/001,EDUKWU ENYIM PLAY GROUND,Ama Inyima,Ikwo,,6.1317758,8.1412983
11/07/01/002,OGIDIGA PLAY GROUND,Ama Inyima,Ikwo,,6.0052470,8.0265240
11/07/01/003,COMM. PRIMARY SCHOOL OKPUITUMO,Ama Inyima,Ikwo,,6.1561815,7.8016520
11/07/01/004,IMEDIAGU ANNUMOCHA,Ama Inyima,Ikwo,,,
11/07/01/005,ODELIGBO HALL,Ama Inyima,Ikwo,,6.0257786,8.0414772
11/07/01/006,IDAH PLAY GROUND,Ama Inyima,Ikwo,,6.0199530,8.0569160
11/07/01/007,EDUKWU EDEUGBALA PLAY GROUND,Ama Inyima,Ikwo,,6.0301920,8.2390040
11/07/01/008,AGUINYIMA PLAY GROUND,Ama Inyima,Ikwo,,6.0539721,8.0366975
11/07/01/009,NDIAGU ENYIM MARKET SQUARE,Ama Inyima,Ikwo,,6.0802096,8.0164455
11/07/01/010,AMAENYI MARKET SQUARE,Ama Inyima,Ikwo,,6.1232328,8.0883510
11/07/02/001,NDIOVA ENYIM PLAY GROUND,Echialike,Ikwo,,6.2274593,8.2532832
11/07/02/002,C.P.S ECHIALIKE,Echialike,Ikwo,,6.2230278,8.2500029
11/07/02/003,OFUTU ENYI PLAY GROUND,Echialike,Ikwo,,6.1906726,8.2134604
11/07/02/004,EDUKWUEDE PLAY GROUND,Echialike,Ikwo,,6.2274593,8.2532832
11/07/02/005,IKPURUKPU PLAY GROUND,Echialike,Ikwo,,6.2274593,8.2532832
11/07/02/006,UGBODO VILLAGE SQUARE,Echialike,Ikwo,,6.1976233,8.2021925
11/07/02/007,OKPASHI PLAY GROUND,Echialike,Ikwo,,6.1138186,8.2287695
11/07/02/008,ALIUKWUNTA PLAY GROUND,Echialike,Ikwo,,6.2274593,8.2532832
11/07/02/009,NDIODUMA PLAY GROUND,Echialike,Ikwo,,6.1377149,8.2594255
11/07/02/010,OMEGE ECHIALIKE,Echialike,Ikwo,,6.2245727,8.2258057
11/07/02/011,NDIAKPARATA PLAY GROUND,Echialike,Ikwo,,6.2274593,8.2532832
11/07/02/012,NDIOVA VILLAGE SQUARE,Echialike,Ikwo,,6.2230278,8.2500029
11/07/02/013,NDIOVA ECHIALIKE VILLAGE SQUARE,Echialike,Ikwo,,6.2230278,8.2500029
11/07/02/014,NWUGOTA MARKET SQUARE,Echialike,Ikwo,,6.1568987,8.1398207
11/07/02/015,NDINWESA NDIAGU ECHIALIKE,Echialike,Ikwo,,6.1892506,8.1263462
11/07/02/016,EDENNYEKA PLAY GROUND,Echialike,Ikwo,,6.2274593,8.2532832
11/07/02/017,NDIOGADOSHI PLAY GROUND,Echialike,Ikwo,,6.2274593,8.2532832
11/07/03/001,ECHARA UKWU PLAY GROUND,Eka Awoke,Ikwo,,6.0670308,8.0604887
11/07/03/002,C.S ONUAFIUKWA,Eka Awoke,Ikwo,,6.1317758,8.1412983
11/07/03/003,AFIUKWA MARKET SQUARE,Eka Awoke,Ikwo,,6.1232328,8.0883510
11/07/03/004,NDUFU UMOTA PLAY GROUND,Eka Awoke,Ikwo,,6.0580263,8.0798864
11/07/03/005,AGUINYIMA PRIMARY SCHOOL,Eka Awoke,Ikwo,,6.0521412,8.0465909
11/07/03/006,EDUKWU NDUFU PLAY GROUND,Eka Awoke,Ikwo,,6.0381391,8.0101490
11/07/03/007,OFOKE EZEKE MARKET SQUARE,Eka Awoke,Ikwo,,6.1704890,8.0292996
11/07/03/008,EDUKWU EGUNKWO PLAY GROUND,Eka Awoke,Ikwo,,6.0301920,8.2390040
11/07/03/009,NDIOFIA UMOTA PLAY GROUND,Eka Awoke,Ikwo,,6.0301920,8.2390040
11/07/03/010,NGANGBO OTUM VILLAGE SQUARE,Eka Awoke,Ikwo,,6.1232328,8.0883510
11/07/03/011,OBEGU NDUFU UMOTA P/G,Eka Awoke,Ikwo,,6.1317758,8.1412983
11/07/03/012,AZUINYIMA PLAY GROUND,Eka Awoke,Ikwo,,6.0301920,8.2390040
11/07/04/001,EDUKWU AMAKPO TOWN HALL,Ekpanwudele,Ikwo,,6.0692847,8.1994276
11/07/04/002,AKAHUFU C.P.S EKPANWUDELE,Ekpanwudele,Ikwo,,6.1317758,8.1412983
11/07/04/003,GIRILS HIGH SCHOOL IKWO,Ekpanwudele,Ikwo,,6.3128829,8.1125028
11/07/04/004,NDIODUMA PLAY GROUND,Ekpanwudele,Ikwo,,6.1377149,8.2594255
11/07/04/005,NDIECHI PLAY GROUND EKPANWUDELE,Ekpanwudele,Ikwo,,6.0788303,8.1659585
11/07/04/006,EBIEM PLAY GROUND,Ekpanwudele,Ikwo,,6.0631901,8.2332230
11/07/04/007,AKATAKA PLAY GROUND,Ekpanwudele,Ikwo,,6.0950360,8.2403890
11/07/04/008,IMABALI PLAY GROUND,Ekpanwudele,Ikwo,,6.0773590,8.1739850
11/07/04/009,MBADA PLAY GROUND,Ekpanwudele,Ikwo,,6.0609370,8.2098610
11/07/04/010,IFELEMENU PLAY GROUND,Ekpanwudele,Ikwo,,6.0770850,8.1361680
11/07/04/011,EDUKWU ADUMIKE PLAY GROUND,Ekpanwudele,Ikwo,,6.0576210,8.2378430
11/07/04/012,NGAMGBO NWANKWO ELUM P/G,Ekpanwudele,Ikwo,,6.1317758,8.1412983
11/07/04/013,ALIOHA PLAY GROUND,Ekpanwudele,Ikwo,,6.0576210,8.2378430
11/07/04/014,EBIEM MARKET SQUARE,Ekpanwudele,Ikwo,,6.1232328,8.0883510
11/07/05/001,NKWUDA MARKET SQUARE,Ekpelu,Ikwo,,6.1185142,8.0717024
11/07/05/002,C.P.S. EKPELU PLAY GROUND,Ekpelu,Ikwo,,6.0301920,8.2390040
11/07/05/003,AMAINYIMA EKPELU PLAY GROUND,Ekpelu,Ikwo,,6.2274593,8.2532832
11/07/05/004,INYIMAGU AMAEKA MKT SQUARE,Ekpelu,Ikwo,,6.1232328,8.0883510
11/07/05/005,AMACHARA PLAY GROUND,Ekpelu,Ikwo,,5.8878902,7.9314031
11/07/05/006,AMANGWURU TOWN HALL,Ekpelu,Ikwo,,6.1232328,8.0883510
11/07/05/007,EDUKWU OMEGE PLAY GROUND,Ekpelu,Ikwo,,6.2245727,8.2258057
11/07/05/008,EDUKWU ELUEGU VILLAGE SQUARE,Ekpelu,Ikwo,,6.1158261,8.1651898
11/07/05/009,UKWU ACHI PLAY GROUND,Ekpelu,Ikwo,,6.1138186,8.2287695
11/07/05/010,ELUAGU INYIMAGU MKT SQ,Ekpelu,Ikwo,,,
11/07/05/011,NDUGWU NDIEGU AMANGWURU,Ekpelu,Ikwo,,6.1317758,8.1412983
11/07/06/001,C.S NDIAGUAZIU,Enyibichiri,Ikwo,,6.1158261,8.1651898
11/07/06/002,EDUKWU OHATEKWE PLAY GROUND,Enyibichiri,Ikwo,,6.1726050,8.2833700
11/07/06/003,UKWU MANGO OBEGU OHATEKWE,Enyibichiri,Ikwo,,5.9112649,7.7063707
11/07/06/004,MGBEDE PLAY GROUND,Enyibichiri,Ikwo,,6.2274593,8.2532832
11/07/06/005,NDUBIA PLAY GROUND,Enyibichiri,Ikwo,,6.1798623,8.2384908
11/07/06/006,EDUKWU OBOVU NDIAGUAZU PLAY GROUND,Enyibichiri,Ikwo,,6.0301920,8.2390040
11/07/06/007,EBUSIKE PLAY GROUND I,Enyibichiri,Ikwo,,6.2031599,8.2988610
11/07/06/008,EBUSIKE PLAY GROUND II,Enyibichiri,Ikwo,,6.2031599,8.2988610
11/07/06/009,NDIECHI PLAY GROUND,Enyibichiri,Ikwo,,6.1942671,8.3165646
11/07/06/010,EDUKWU AKPURU NKELE,Enyibichiri,Ikwo,,6.1317758,8.1412983
11/07/06/011,C.S ENYIBICHIRI,Enyibichiri,Ikwo,,6.1158261,8.1651898
11/07/06/012,C.S ODARIKO,Enyibichiri,Ikwo,,6.1158261,8.1651898
11/07/06/013,NKALEKE PLAY GROUND,Enyibichiri,Ikwo,,6.2274593,8.2532832
11/07/06/014,OJON MARKET SQUARE,Enyibichiri,Ikwo,,6.1912273,8.2870871
11/07/06/015,NDIAKPARATA NDINWESA,Enyibichiri,Ikwo,,6.0692847,8.1994276
11/07/06/016,NDINWESA PLAY GROUND,Enyibichiri,Ikwo,,6.1911686,8.2760042
11/07/06/017,NDIJI AKPU PLAY GROUND,Enyibichiri,Ikwo,,6.0301920,8.2390040
11/07/06/018,NGANGBO AMARA PLAY GROUND,Enyibichiri,Ikwo,,6.0576210,8.2378430
11/07/06/019,ONU-OGIJI PLAYGROUND,Enyibichiri,Ikwo,,6.0301920,8.2390040
11/07/06/020,NWIGIKA PLAY GROUND,Enyibichiri,Ikwo,,6.2274593,8.2532832
11/07/06/021,NDIOFFIA PLAY GROUND,Enyibichiri,Ikwo,,6.2072851,8.2457542
11/07/06/022,NDIODUMA PLAY GROUND,Enyibichiri,Ikwo,,6.1377149,8.2594255
11/07/06/023,UBIA AKPRATA PLAY GROUND,Enyibichiri,Ikwo,,6.0301920,8.2390040
11/07/06/024,UKWU OJA PLAY GROUND,Enyibichiri,Ikwo,,6.1138186,8.2287695
11/07/06/025,NDIOSOPO PLAY GROUND,Enyibichiri,Ikwo,,6.2231581,8.2583588
11/07/06/026,NGAMGBO NWURUKU P/G,Enyibichiri,Ikwo,,6.1158261,8.1651898
11/07/07/001,EDUKWU AGBALAGU,Etam,Ikwo,,6.1158261,8.1651898
11/07/07/002,ALO NWEKOYO STATION I,Etam,Ikwo,,6.1158261,8.1651898
11/07/07/003,ALO NWEKOYO STATION II,Etam,Ikwo,,6.1232328,8.0883510
11/07/07/004,NGAMGBO OKPATA,Etam,Ikwo,,6.1232328,8.0883510
11/07/07/005,ROYAL PRIMARY SCHOOL IVU AKPA,Etam,Ikwo,,6.3137727,8.1120990
11/07/07/006,C.P.S ELUGWU ETAM,Etam,Ikwo,,6.1158261,8.1651898
11/07/07/007,EJARA PLAY GROUND,Etam,Ikwo,,6.2274593,8.2532832
11/07/07/008,NGAMGBO AUGUSTINE V/SQ,Etam,Ikwo,,6.4149948,7.9799349
11/07/07/009,URBAN PRI SCH OGAGBO,Etam,Ikwo,,6.3175504,8.1163134
11/07/07/010,N. P. S NNOCHIE,Etam,Ikwo,,6.1158261,8.1651898
11/07/07/011,C.S.S ETAM NDIEGUAZU,Etam,Ikwo,,6.1158261,8.1651898
11/07/07/012,NDIEGUAZU ETAM MULTI-PURPOSE HALL,Etam,Ikwo,,,
11/07/07/013,EDUKWU NWORIE PLAY GROUND,Etam,Ikwo,,,
11/07/08/001,AMUDA PLAY GROUND,Igbudu I,Ikwo,,6.0622809,8.1419860
11/07/08/002,AGUBIA MOTOR PARK,Igbudu I,Ikwo,,6.0681697,8.1158683
11/07/08/003,EDUKWU UDUKU TOWN HALL,Igbudu I,Ikwo,,6.0436284,8.1611703
11/07/08/004,COMM. SCHOOL NDUFU IGBUDU ISHIEKE,Igbudu I,Ikwo,,6.1045489,8.1529985
11/07/08/005,IMOGO PLAY GROUND,Igbudu I,Ikwo,,6.0436978,8.1642044
11/07/08/006,NDIOFFIA TOWN HALL,Igbudu I,Ikwo,,6.0689331,8.0977936
11/07/08/007,ENYIBICHIRI AMUDA TOWN HALL,Igbudu I,Ikwo,,6.0436284,8.1611703
11/07/08/008,OKPOKPOEZE PLAY GROUND,Igbudu I,Ikwo,,6.0301920,8.2390040
11/07/08/009,C.P.S UDUKU ENYI,Igbudu I,Ikwo,,6.0436284,8.1611703
11/07/08/010,EDUKWU OBEGU PLAY GROUND,Igbudu I,Ikwo,,6.0301920,8.2390040
11/07/08/011,NDUOFUTU PLAY GROUND,Igbudu I,Ikwo,,6.0301920,8.2390040
11/07/08/012,ISHIEKE PLAY GROUND,Igbudu I,Ikwo,,6.2274593,8.2532832
11/07/08/013,NDIODUMA PLAY GROUND,Igbudu I,Ikwo,,6.0724030,8.1164200
11/07/08/014,UGWUENYIM PLAY GROUND,Igbudu I,Ikwo,,6.0301920,8.2390040
11/07/08/015,NKWO IGBUDU MARKET SQUARE,Igbudu I,Ikwo,,6.0436284,8.1611703
11/07/09/001,OME MARKET SQUARE,Igbudu II,Ikwo,,6.1704890,8.0292996
11/07/09/002,OKONOGU TOWN HALL,Igbudu II,Ikwo,,5.9915015,8.1746837
11/07/09/003,IZO TOWN HALL,Igbudu II,Ikwo,,6.0436284,8.1611703
11/07/09/004,OGAGBO TOWN HALL,Igbudu II,Ikwo,,5.9915015,8.1746837
11/07/09/005,ODE KPUTARA PLAY GROUND,Igbudu II,Ikwo,,6.0301920,8.2390040
11/07/09/006,NDI EBONYI PLAY GROUND,Igbudu II,Ikwo,,6.0436284,8.1611703
11/07/10/001,C.P.S IGBOJI,Inyimagu I,Ikwo,,6.1158261,8.1651898
11/07/10/002,C.P.S EKPA IBIAM,Inyimagu I,Ikwo,,6.1317758,8.1412983
11/07/10/003,OBEGU / INYIMAGU PLAY GORUND,Inyimagu I,Ikwo,,6.1232328,8.0883510
11/07/10/004,EFFIMGBABO VILLAGE SQUARE,Inyimagu I,Ikwo,,6.1232328,8.0883510
11/07/10/005,EKPA IBIAM C.P.S,Inyimagu I,Ikwo,,6.1317758,8.1412983
11/07/10/006,EGUOKPURU PLAY GROUND,Inyimagu I,Ikwo,,6.0393016,8.1326611
11/07/10/007,IBAM MARKET SQUARE,Inyimagu I,Ikwo,,6.1232328,8.0883510
11/07/10/008,C.P.S AGUBIA IKWO,Inyimagu I,Ikwo,,6.0681697,8.1158683
11/07/10/009,EGU ADAKA PLAY GROUND,Inyimagu I,Ikwo,,6.0301920,8.2390040
11/07/11/001,C.P.S AKAHUFU INYIMAGU,Inyimagu II,Ikwo,,6.1232328,8.0883510
11/07/11/002,AKAHUFU MARKET SQUARE,Inyimagu II,Ikwo,,6.1232328,8.0883510
11/07/11/003,C.P.S ODOMOWO,Inyimagu II,Ikwo,,6.0301920,8.2390040
11/07/11/004,ODOMOWO PLAY GROUND,Inyimagu II,Ikwo,,6.0576210,8.2378430
11/07/11/005,OFEREKPE PLAY GROUND,Inyimagu II,Ikwo,,6.0301920,8.2390040
11/07/11/006,NDIAGU PLAY GROUND,Inyimagu II,Ikwo,,6.0748620,8.2783550
11/07/11/007,OFEREKPE C.P.S,Inyimagu II,Ikwo,,6.0301920,8.2390040
11/07/11/008,UGWUEKE PLAY GROUND,Inyimagu II,Ikwo,,6.0360400,8.2180210
11/07/11/009,OCHOKWU PLAY GROUND,Inyimagu II,Ikwo,,6.0301920,8.2390040
11/07/11/010,OFENAKPA PLAY GROUND,Inyimagu II,Ikwo,,6.0301920,8.2390040
11/07/11/011,C.S.P OFENAKPA,Inyimagu II,Ikwo,,6.0301920,8.2390040
11/07/11/012,UKWUENYIM C.P.S,Inyimagu II,Ikwo,,6.0301920,8.2390040
11/07/11/013,EDUKWU OKOSHDO,Inyimagu II,Ikwo,,6.0301920,8.2390040
11/07/11/014,AKAHUFU FARM PLAY GROUND,Inyimagu II,Ikwo,,6.0301920,8.2390040
11/07/11/015,OHAFFIA PLAY GROUND,Inyimagu II,Ikwo,,6.0301920,8.2390040
11/07/11/016,IDOKE MARKET SQUARE,Inyimagu II,Ikwo,,6.1232328,8.0883510
11/07/11/017,EBE PLAY GROUND,Inyimagu II,Ikwo,,6.0301920,8.2390040
11/07/11/018,ISLAND PRI SCH UGWUEKE,Inyimagu II,Ikwo,,6.1232328,8.0883510
11/07/11/019,OCHUKWU MARKET SQUARE,Inyimagu II,Ikwo,,6.1232328,8.0883510
11/07/11/020,EGUNKWU EBE PLAY GROUND,Inyimagu II,Ikwo,,6.0301920,8.2390040
11/07/11/021,UKWUENYIM PLAY GROUND I,Inyimagu II,Ikwo,,6.0301920,8.2390040
11/07/11/022,AGBAENYIM PLAY GROUND,Inyimagu II,Ikwo,,6.0301920,8.2390040
11/07/12/001,NDIECHI AMAGU PLAY GROUND,Ndiagu Amagu I,Ikwo,,6.0195102,8.1062150
11/07/12/002,C.P.S NDIAGU AMAGU,Ndiagu Amagu I,Ikwo,,6.0228123,8.1502433
11/07/12/003,EDUKWU OMEGE,Ndiagu Amagu I,Ikwo,,6.1317758,8.1412983
11/07/12/004,AGBAKORO NDIAGU PLAY GROUND,Ndiagu Amagu I,Ikwo,,6.0195102,8.1062150
11/07/12/005,OBEGU OMEGE,Ndiagu Amagu I,Ikwo,,,
11/07/12/006,OHANKWU OMEGE,Ndiagu Amagu I,Ikwo,,5.9948850,8.0906622
11/07/12/007,OKWERIKE PLAY GROUND,Ndiagu Amagu I,Ikwo,,5.9738850,8.1355200
11/07/12/008,EDUKWU NDIEKETE,Ndiagu Amagu I,Ikwo,,6.0228123,8.1502433
11/07/12/009,NDIEKETE PLAY GROUND,Ndiagu Amagu I,Ikwo,,6.0195102,8.1062150
11/07/12/010,ORONGA AMAGU,Ndiagu Amagu I,Ikwo,,6.0195102,8.1062150
11/07/12/011,OMEGE ORONGA,Ndiagu Amagu I,Ikwo,,6.0259824,8.1080019
11/07/12/012,ONYIKWA AMAGU PLAY GROUND,Ndiagu Amagu I,Ikwo,,6.0379313,8.0910778
11/07/12/013,NSOBO PLAY GROUND,Ndiagu Amagu I,Ikwo,,6.0195102,8.1062150
11/07/12/014,AGUBATA PLAY GROUND,Ndiagu Amagu I,Ikwo,,6.0195102,8.1062150
11/07/12/015,ENYAGHARIGWE TOWN HALL,Ndiagu Amagu I,Ikwo,,6.2829253,7.9810845
11/07/12/016,EZEMEZE PLAY GROUND,Ndiagu Amagu I,Ikwo,,6.0195102,8.1062150
11/07/12/017,OHAOFFIA PLAY GROUND,Ndiagu Amagu I,Ikwo,,6.0195102,8.1062150
11/07/12/018,OKPENWA PLAY GROUND,Ndiagu Amagu I,Ikwo,,6.0195102,8.1062150
11/07/12/019,NDIOFFIA PLAY GROUND,Ndiagu Amagu I,Ikwo,,6.0195102,8.1062150
11/07/12/020,NDINKASHI PLAY GROUND,Ndiagu Amagu I,Ikwo,,6.0195102,8.1062150
11/07/13/001,ENYIBICHIRI AMAGU PLAY GROUND,Ndiagu Amagu II,Ikwo,,6.0218570,8.0916107
11/07/13/002,ITEM AMAGU PLAY GROUND I,Ndiagu Amagu II,Ikwo,,6.0195102,8.1062150
11/07/13/003,ITEM AMAGU PLAY GROUND II,Ndiagu Amagu II,Ikwo,,6.0195102,8.1062150
11/07/13/004,NWGAMGBO MARKET SQUARE,Ndiagu Amagu II,Ikwo,,6.1232328,8.0883510
11/07/13/005,OCHIENYIM PLAY GROUND,Ndiagu Amagu II,Ikwo,,6.0195102,8.1062150
11/07/13/006,AKAHUFU AMAGU PLAY GROUND,Ndiagu Amagu II,Ikwo,,6.0195102,8.1062150
11/07/13/007,OBUSHILE PLAY GROUND,Ndiagu Amagu II,Ikwo,,6.0195102,8.1062150
11/07/13/008,ITEM / OBEGU C.P.S,Ndiagu Amagu II,Ikwo,,5.9948850,8.0906622
11/07/13/009,EDUKWU NWEFIA OBONG,Ndiagu Amagu II,Ikwo,,6.1317758,8.1412983
11/07/13/010,NWUGURU EKECHI PLAY GROUND,Ndiagu Amagu II,Ikwo,,6.0195102,8.1062150
11/07/13/011,EDUKWU EDO PRIMARY SCHOOL,Ndiagu Amagu II,Ikwo,,6.2354736,8.1049066
11/07/13/012,NGAMGBO ONELE OGAH V/SQ,Ndiagu Amagu II,Ikwo,,6.3859518,8.0114112
11/07/13/013,OBEAGU PLAY GROUND,Ndiagu Amagu II,Ikwo,,6.0195102,8.1062150
11/07/13/014,NGAMGBO NCHUONU OGBULE P /G,Ndiagu Amagu II,Ikwo,,6.1317758,8.1412983
11/07/14/001,OMEGE SENIOR PRIMARY SCHOOL,Ndiagu Echara I,Ikwo,,6.3511294,8.0161196
11/07/14/002,OFUTU OMEGE,Ndiagu Echara I,Ikwo,,6.0805660,8.2016990
11/07/14/003,UKWUACHI NZASHI,Ndiagu Echara I,Ikwo,,6.0692847,8.1994276
11/07/14/004,OGBENU NZASHI,Ndiagu Echara I,Ikwo,,6.0692847,8.1994276
11/07/14/005,OLUA PLAY GROUND,Ndiagu Echara I,Ikwo,,6.0968885,8.2121180
11/07/14/006,JUNIOR PRIMARY OMEGE,Ndiagu Echara I,Ikwo,,6.3137096,8.1075132
11/07/14/007,ODARIKO NZASHI,Ndiagu Echara I,Ikwo,,6.0692847,8.1994276
11/07/14/008,AKPAKWURU NZASHI PLAY GROUND,Ndiagu Echara I,Ikwo,,6.1046660,8.2114790
11/07/14/009,NDIAGU NZASHI PLAY GROUND,Ndiagu Echara I,Ikwo,,6.1142170,8.2411390
11/07/14/010,AKAHUFU OMEGE,Ndiagu Echara I,Ikwo,,6.0902892,8.2216077
11/07/14/011,AGUBATA PLAY GROUND,Ndiagu Echara I,Ikwo,,6.1138186,8.2287695
11/07/14/012,OFUTU PRIMARY SCHOOL,Ndiagu Echara I,Ikwo,,,
11/07/14/013,EGU OKUM PLAY GROUND,Ndiagu Echara I,Ikwo,,6.1232328,8.0883510
11/07/14/014,AZU EJOMEJOR PLAY GROUND,Ndiagu Echara I,Ikwo,,6.0301920,8.2390040
11/07/14/015,NDIECHI VILLAGE SQUARE,Ndiagu Echara I,Ikwo,,6.0692847,8.1994276
11/07/14/016,EDUKWU OMEGE PLAY GROUND,Ndiagu Echara I,Ikwo,,,
11/07/14/017,EDUKWU ODARIKO P/GROUND,Ndiagu Echara I,Ikwo,,6.0692847,8.1994276
11/07/15/001,NDIOGODOSHI GROUND FARM,Ndiagu Echara II,Ikwo,,6.1332476,8.2275380
11/07/15/002,ONYIRIGBO PLAY GROUND,Ndiagu Echara II,Ikwo,,6.1436220,8.2935250
11/07/15/003,MBUKOBE NDIODUMA 0KP0T0KUM,Ndiagu Echara II,Ikwo,,,
11/07/15/004,UGBODO PLAY GROUND,Ndiagu Echara II,Ikwo,,6.1436220,8.2935250
11/07/15/005,COMMUNITY PRIMARY SCHOOL UGBODO,Ndiagu Echara II,Ikwo,,6.3137096,8.1075132
11/07/15/006,C.S NDIAGU ECHARA,Ndiagu Echara II,Ikwo,,6.1158261,8.1651898
11/07/15/007,NWODE MARKET SQUARE,Ndiagu Echara II,Ikwo,,6.1577326,8.2896062
11/07/15/008,C.P.S NDIAGU OKPERA,Ndiagu Echara II,Ikwo,,6.0692847,8.1994276
11/07/15/009,AKAHUFU OKPERA PLAY GROUND,Ndiagu Echara II,Ikwo,,6.1277859,8.2309589
11/07/15/010,OBEAGU AZUOFE PLAY GROUND,Ndiagu Echara II,Ikwo,,6.1800787,8.3064275
11/07/15/011,OKPERA PLAY GROUND,Ndiagu Echara II,Ikwo,,6.1397814,8.2718763
11/07/15/012,NDIODUMA ECHARA MKT SQUARE,Ndiagu Echara II,Ikwo,,6.1232328,8.0883510
11/07/15/013,UGBODO MARKET SQUARE,Ndiagu Echara II,Ikwo,,6.1232328,8.0883510
11/07/15/014,NWANDUGO MARKET SQUARE,Ndiagu Echara II,Ikwo,,6.1232328,8.0883510
11/07/15/015,EDUKWU NDIOKA PLAY GROUND,Ndiagu Echara II,Ikwo,,6.1138186,8.2287695
11/07/15/016,SHADE OBIA VILLAGE SQUARE,Ndiagu Echara II,Ikwo,,6.1232328,8.0883510
11/07/16/001,AGALAGU PLAY GROUND,Ndufu Amagu I,Ikwo,,6.0486699,8.1450899
11/07/16/002,NDIOFOKE PLAY GROUND,Ndufu Amagu I,Ikwo,,6.0393016,8.1326611
11/07/16/003,OBEGU NDIOFOKE,Ndufu Amagu I,Ikwo,,6.1317758,8.1412983
11/07/16/004,ODELIGBO PLAY GROUND,Ndufu Amagu I,Ikwo,,6.0181050,8.1527188
11/07/16/005,AGBABOR C.P.S AKUNAKUMA,Ndufu Amagu I,Ikwo,,6.1317758,8.1412983
11/07/16/006,AKUNAKUNA PLAY GROUND,Ndufu Amagu I,Ikwo,,6.0393016,8.1326611
11/07/16/007,OBEAGU AGALAGU PLAY GROUND,Ndufu Amagu I,Ikwo,,6.2328454,7.7602422
11/07/16/008,NDIOFOKE MARKET SQUARE,Ndufu Amagu I,Ikwo,,6.1317758,8.1412983
11/07/16/009,EDUKWU NWIGBOJI OTE P/G,Ndufu Amagu I,Ikwo,,6.1317758,8.1412983
11/07/16/010,ABUJA VILLAGE SQUARE,Ndufu Amagu I,Ikwo,,6.1317758,8.1412983
11/07/16/011,NSOBO PLAY GROUND,Ndufu Amagu I,Ikwo,,6.0393016,8.1326611
11/07/16/012,EDUKWU ONONGA PLAY GROUND,Ndufu Amagu I,Ikwo,,6.0393016,8.1326611
11/07/16/013,ISHIAGU PLAY GROUND,Ndufu Amagu I,Ikwo,,5.9460590,7.5607460
11/07/17/001,NDIAGU IGKWELEDOHA,Ndufu Amagu II,Ikwo,,6.1317758,8.1412983
11/07/17/002,EDUKWU OPHUNU,Ndufu Amagu II,Ikwo,,6.1317758,8.1412983
11/07/17/003,IGWELEDOHA PLAY GROUND,Ndufu Amagu II,Ikwo,,6.1317758,8.1412983
11/07/17/004,COOPERATIVE HALL ABINA I,Ndufu Amagu II,Ikwo,,6.1317758,8.1412983
11/07/17/005,COOPERATIVE HALL ABINA II,Ndufu Amagu II,Ikwo,,6.1317758,8.1412983
11/07/17/006,COOPERATIVE HALL OHATEKWE,Ndufu Amagu II,Ikwo,,6.1317758,8.1412983
11/07/17/007,C.P.S IGWELEDOHA,Ndufu Amagu II,Ikwo,,6.1317758,8.1412983
11/07/17/008,NWAFIA AGBOR MARKET SQUARE,Ndufu Amagu II,Ikwo,,6.1568987,8.1398207
11/07/17/009,OGIJI EKPEM VILLAGE SQUARE,Ndufu Amagu II,Ikwo,,6.1317758,8.1412983
11/07/17/010,ONUOFFIA VILLAGE SQUARE,Ndufu Amagu II,Ikwo,,6.1317758,8.1412983
11/07/17/011,EZE EBOR VILLAGE SQUARE,Ndufu Amagu II,Ikwo,,6.1317758,8.1412983
11/07/17/012,NWELEM VILLAGE SQUARE,Ndufu Amagu II,Ikwo,,6.1317758,8.1412983
11/07/18/001,UMUNNATO C.S NWAKPU,Ndufu Alike,Ikwo,,6.1317758,8.1412983
11/07/18/002,NWAKPU MARKET SQUARE I,Ndufu Alike,Ikwo,,6.1568987,8.1398207
11/07/18/003,NWAKPU MARKET SQUARE II,Ndufu Alike,Ikwo,,6.1568987,8.1398207
11/07/18/004,ENYIM AGALEGU PLAY GROUND,Ndufu Alike,Ikwo,,6.2274593,8.2532832
11/07/18/005,IZZAMGBO AGALEGU PRIMARY SCHOOL,Ndufu Alike,Ikwo,,6.1317758,8.1412983
11/07/18/006,ONYIKWA C.S.P,Ndufu Alike,Ikwo,,6.1317758,8.1412983
11/07/18/007,NGAMGBO OZABE PLAY GROUND,Ndufu Alike,Ikwo,,6.1317758,8.1412983
11/07/18/008,UGWUAFOR VILLAGE PLAY GROUND,Ndufu Alike,Ikwo,,6.1317758,8.1412983
11/07/18/009,ENYIMCHUKWU PLAY GROUND,Ndufu Alike,Ikwo,,6.0393016,8.1326611
11/07/18/010,UKWUINYIMA AGALEGU C.S.P I,Ndufu Alike,Ikwo,,6.1317758,8.1412983
11/07/18/011,UKWUINYIMA AGALEGU C.S.P II,Ndufu Alike,Ikwo,,6.1317758,8.1412983
11/07/18/012,NDIOVA PLAY GROUND,Ndufu Alike,Ikwo,,6.1317758,8.1412983
11/07/18/013,U.C.S NWAKPU II,Ndufu Alike,Ikwo,,6.1317758,8.1412983
11/07/18/014,NDIEGUAZU ENYIM,Ndufu Alike,Ikwo,,6.1317758,8.1412983
11/07/18/015,NDIODOMA,Ndufu Alike,Ikwo,,6.1317758,8.1412983
11/07/18/016,EDUKWU OPOKE PLAY GROUND,Ndufu Alike,Ikwo,,6.1317758,8.1412983
11/07/18/017,OHATEKWE,Ndufu Alike,Ikwo,,6.1317758,8.1412983
11/07/18/018,ENYINWE-EGU EDUKWU OFURA,Ndufu Alike,Ikwo,,6.1317758,8.1412983
11/07/18/019,NDIEGUAZU OHAUKWU,Ndufu Alike,Ikwo,,6.1317758,8.1412983
11/07/18/020,ISLAND PRI MARY SCHOOL,Ndufu Alike,Ikwo,,6.1317758,8.1412983
11/07/18/021,EBIAJI PLAY GROUND,Ndufu Alike,Ikwo,,6.0393016,8.1326611
11/07/18/022,OMEGE PLAY GROUND,Ndufu Alike,Ikwo,,6.2274593,8.2532832
11/07/19/001,C.S.P NDUFU ECHARA,Ndufu Echara,Ikwo,,6.1317758,8.1412983
11/07/19/002,AMEGU ECHARA PLAY GROUND,Ndufu Echara,Ikwo,,6.1090530,8.1368840
11/07/19/003,NWODE MARKET SQUARE,Ndufu Echara,Ikwo,,6.1023924,8.1214776
11/07/19/004,ELEKE PLAY GROUND,Ndufu Echara,Ikwo,,6.2274593,8.2532832
11/07/19/005,OKPOTEGU PLAY GROUND,Ndufu Echara,Ikwo,,6.2274593,8.2532832
11/07/19/006,NDIECHI ACHARA MARKET SQUARE,Ndufu Echara,Ikwo,,6.1232328,8.0883510
11/07/19/007,OBEAGU AMEGU ECHARA PLAY GROUND,Ndufu Echara,Ikwo,,6.1090530,8.1368840
11/07/19/008,NWAFIA OKPERA,Ndufu Echara,Ikwo,,6.1317758,8.1412983
11/07/19/009,UGBO NZASHI PLAY GROUND,Ndufu Echara,Ikwo,,6.1138186,8.2287695
11/07/19/010,OBEAGU NZASHI PLAY GROUND,Ndufu Echara,Ikwo,,6.1007750,8.1087470
11/07/19/011,AMUDA NZASHI ECHARA,Ndufu Echara,Ikwo,,6.1006530,8.1628580
11/07/19/012,C.P.S ONUEBONY NZASHI,Ndufu Echara,Ikwo,,6.1317758,8.1412983
11/07/19/013,OBEAGU ELEKE NZASHI,Ndufu Echara,Ikwo,,6.1317758,8.1412983
11/07/19/014,NWAFIA AKPE MARKET SQUARE,Ndufu Echara,Ikwo,,6.1568987,8.1398207
11/07/19/015,OBEGE NDUFU ECHARA PLAY GROUND,Ndufu Echara,Ikwo,,6.1317758,8.1412983
11/07/19/016,URBAN SEC. SCH. NDUFU ECHARA,Ndufu Echara,Ikwo,,6.1045489,8.1529985
11/07/19/017,EDUKWU OGAGBO PLAY GROUND,Ndufu Echara,Ikwo,,6.0393016,8.1326611
11/07/19/018,ELEKE PLAY GROUND,Ndufu Echara,Ikwo,,6.2274593,8.2532832
11/07/19/019,COMMUNITY SCHOOL OKPOTEGU,Ndufu Echara,Ikwo,,6.1317758,8.1412983
11/07/19/020,NDIECHI PLAY GROUND,Ndufu Echara,Ikwo,,6.0788303,8.1659585
11/07/19/021,NGAMGBO NWOKWU V /SQ,Ndufu Echara,Ikwo,,,
11/07/19/022,EDUKWU ONUOFFIA PLAY GROUND,Ndufu Echara,Ikwo,,6.0576210,8.2378430
11/07/19/023,ORIE ELEKE MARKET SQUARE,Ndufu Echara,Ikwo,,6.3187226,8.1415943
11/07/20/001,C.P.S NOYO,Noye Alike,Ikwo,,6.1886422,8.2267693
11/07/20/002,NDIOGBU PLAY GROUND,Noye Alike,Ikwo,,6.2231581,8.2583588
11/07/20/003,NDIAFFIA PLAY GROUND,Noye Alike,Ikwo,,6.1138186,8.2287695
11/07/20/004,C.S NDIAGU NOYO,Noye Alike,Ikwo,,6.1317758,8.1412983
11/07/20/005,EBIAJI PLAY GROUND,Noye Alike,Ikwo,,6.0726106,7.9974890
11/07/20/006,OMEGE PLAY GROUND,Noye Alike,Ikwo,,6.1683343,8.1982845
11/07/20/007,ENUPEFIA PLAY GROUND,Noye Alike,Ikwo,,6.1138186,8.2287695
11/07/20/008,EDUKWU AZUNGELE P/G IKPATA,Noye Alike,Ikwo,,6.1317758,8.1412983
11/07/20/009,NWOMEGE MARKET SQUARE,Noye Alike,Ikwo,,6.1568987,8.1398207
11/07/20/010,NDIOKU PLAY GROUND,Noye Alike,Ikwo,,6.1138186,8.2287695
11/07/20/011,NDIECHI PLAY GROUND,Noye Alike,Ikwo,,6.1942671,8.3165646
11/07/20/012,NDIAKPURATA PLAY GROUND,Noye Alike,Ikwo,,6.1138186,8.2287695
11/07/20/013,OFUTU PLAY GROUND,Noye Alike,Ikwo,,6.1906726,8.2134604
11/08/01/001,ODOAKWU OMEGE MARKET SQUARE,Agba,Ishielu,,,
11/08/01/002,NDIAGUAZU AGBA PLAY GROUND,Agba,Ishielu,,6.0372040,7.8078480
11/08/01/003,EKE AGBAELU MARKET SQUARE,Agba,Ishielu,,6.0469497,7.7552606
11/08/01/004,NGAMGBO ODE VILLAGE HALL,Agba,Ishielu,,6.2829253,7.9810845
11/08/01/005,EKE OMEGE PLAY GROUND,Agba,Ishielu,,6.2245727,8.2258057
11/08/01/006,AMAGU AGBA C/SCHOOL,Agba,Ishielu,,6.2580401,7.8629771
11/08/01/007,NGAMGBO EZEMKPURAKWU PLAY GROUND,Agba,Ishielu,,6.0436978,8.1642044
11/08/01/008,AGBAELU - ULO PLAY GROUND,Agba,Ishielu,,6.0372040,7.8078480
11/08/01/009,EKEOMEGE AKWURAKWU PRIMARY SCHOOL,Agba,Ishielu,,6.3855901,7.9779308
11/08/01/010,NKWO AKWURAKWU MARKET SQUARE,Agba,Ishielu,,6.2413350,7.7536547
11/08/01/011,ONUOJI PLAY GROUND,Agba,Ishielu,,6.0436978,8.1642044
11/08/01/012,ONUNWANKWO MARKET SQUARE,Agba,Ishielu,,6.3257309,8.1160310
11/08/01/013,EKE OHAINYA MKT SQUARE,Agba,Ishielu,,6.3944074,7.9555395
11/08/01/014,EGUENU PLAY GROUND,Agba,Ishielu,,6.1090530,8.1368840
11/08/01/015,NGAMGBO ENYALI-IGWE TOWN HALL,Agba,Ishielu,,6.2829253,7.9810845
11/08/02/001,NDI AGU AZU ORA HALL,Amaezu,Ishielu,,,
11/08/02/002,AMAEZU JUNCTION HALL,Amaezu,Ishielu,,,
11/08/02/003,AMAEZU PRIMARY SCHOOL IYIEKE,Amaezu,Ishielu,,6.5662849,7.7579683
11/08/02/004,OKPUALI / UMUONYI HALL,Amaezu,Ishielu,,6.0447967,7.7514553
11/08/02/005,NKPORONKPO P/GROUND,Amaezu,Ishielu,,6.3353658,8.1053829
11/08/02/006,AMANANKWA P/GROUND,Amaezu,Ishielu,,6.3831357,7.7676713
11/08/03/001,ANYIM PLAY GROUND,Azuinyaba 'A',Ishielu,,6.3834796,7.7659480
11/08/03/002,AGUEGEDE TOWN HALL I,Azuinyaba 'A',Ishielu,,6.3944074,7.9555395
11/08/03/003,OGBOGUM PRIMARY SCHOOL II,Azuinyaba 'A',Ishielu,,6.4082699,7.7607974
11/08/03/004,AZUOFIA PRIMARY SCHOOL II,Azuinyaba 'A',Ishielu,,6.3137727,8.1120990
11/08/03/005,ONUOJI PRIMARY SCHOOL,Azuinyaba 'A',Ishielu,,6.4082699,7.7607974
11/08/03/006,OHABUEZU PRI. SCHOOL,Azuinyaba 'A',Ishielu,,6.4297349,7.8159630
11/08/04/001,OGBOGUM PLAY GROUND,Azuinyaba 'B',Ishielu,,6.0372040,7.8078480
11/08/04/002,NGAMGBO OJA,Azuinyaba 'B',Ishielu,,6.3653997,7.7579683
11/08/04/003,ONUNWANKWO MARKET,Azuinyaba 'B',Ishielu,,6.4737551,7.7800034
11/08/04/004,NWA EBOMOHA MARKET,Azuinyaba 'B',Ishielu,,6.3294866,8.1218326
11/08/04/005,AZUOFIA PRIMARY SCHOOL I,Azuinyaba 'B',Ishielu,,,
11/08/05/001,AMEBENYI PLAY GROUND I,Ezillo I,Ishielu,,6.0234206,7.7442375
11/08/05/002,AMEBENYI PLAY GROUND II,Ezillo I,Ishielu,,6.0234206,7.7442375
11/08/05/003,AMUHU PRIMARY SCHOOL,Ezillo I,Ishielu,,6.4297349,7.8159630
11/08/05/004,OBODO IGBUDEZE,Ezillo I,Ishielu,,,
11/08/05/005,C.P.S EZZA EZILLO PRIMARY SCHOOL,Ezillo I,Ishielu,,6.4073026,7.8999638
11/08/05/006,UGBONIA PRIMARY SCHOOL,Ezillo I,Ishielu,,6.4297349,7.8159630
11/08/05/007,ONUNWAFOR EZZA MARKET STALL,Ezillo I,Ishielu,,6.3294866,8.1218326
11/08/05/008,EGUFO AMUHU PLAY GROUND,Ezillo I,Ishielu,,6.0234206,7.7442375
11/08/05/009,AMUHU AGUOSE VILLAGE SQUARE,Ezillo I,Ishielu,,,
11/08/05/010,EKE ALI OJI VILLAGE SQUARE,Ezillo I,Ishielu,,6.3230782,8.1120251
11/08/05/011,AMAOFIA PLAY GROUND,Ezillo I,Ishielu,,6.3381727,8.0607114
11/08/05/012,AMUKPA PLAY GROUND,Ezillo I,Ishielu,,6.3381727,8.0607114
11/08/05/013,ISHEFU AMUHU PLAY GROUND,Ezillo I,Ishielu,,6.0393016,8.1326611
11/08/05/014,IZZO PLAY GROUND,Ezillo I,Ishielu,,6.4285076,7.8184398
11/08/05/015,NGELE ADA PLAY GROUND,Ezillo I,Ishielu,,6.0770850,8.1361680
11/08/06/001,UMUEZEKOHA T/HALL,Ezillo II,Ishielu,,,
11/08/06/002,AMALEZE PLAY GROUND,Ezillo II,Ishielu,,5.8851174,7.9475446
11/08/06/003,OBUCHIRI PLAY GROUND,Ezillo II,Ishielu,,6.3381727,8.0607114
11/08/06/004,IDUMA PRIMARY SCHOOL,Ezillo II,Ishielu,,6.4082699,7.7607974
11/08/06/005,UMUAKPU PLAY GROUND,Ezillo II,Ishielu,,6.3381727,8.0607114
11/08/06/006,UMUOGIRI PLAY GROUND,Ezillo II,Ishielu,,6.3381727,8.0607114
11/08/06/007,UMUEZOKE PLAY GROUND,Ezillo II,Ishielu,,6.3381727,8.0607114
11/08/06/008,UBOJIMA VILLAGE SQUARE,Ezillo II,Ishielu,,6.3944074,7.9555395
11/08/06/009,ONUEKO COMM. SCHOOL,Ezillo II,Ishielu,,6.4297349,7.8159630
11/08/06/010,NDIAGU UGWU PLAY GROUND,Ezillo II,Ishielu,,6.0770850,8.1361680
11/08/06/011,AMANKA PLAY GROUND,Ezillo II,Ishielu,,,
11/08/06/012,UMUEZEKOHA PLAY GROUND,Ezillo II,Ishielu,,6.3381727,8.0607114
11/08/06/013,UMUAKPU P/GROUND II,Ezillo II,Ishielu,,6.4468286,7.8009207
11/08/06/014,UMUEZOKE PLAY GROUND II,Ezillo II,Ishielu,,6.3381727,8.0607114
11/08/07/001,NGAMGBO UHUOLA PLAY GROUND,Ezzagu I (Ogboji),Ishielu,,6.0382200,7.7789210
11/08/07/002,NWEKE OHUHU MARKET,Ezzagu I (Ogboji),Ishielu,,6.2523874,7.7335226
11/08/07/003,ENYIBICHIRI MARKET SQUARE 1,Ezzagu I (Ogboji),Ishielu,,,
11/08/07/004,ENYIBICHIRI MARKET SQUARE 11,Ezzagu I (Ogboji),Ishielu,,,
11/08/07/005,NWEKE OHUHU MARKET SQUARE,Ezzagu I (Ogboji),Ishielu,,6.2523874,7.7335226
11/08/07/006,NOME ONWE PLAY GROUND HALL,Ezzagu I (Ogboji),Ishielu,,6.1142170,8.2411390
11/08/07/007,AGUOTU PRIMARY SCHOOL,Ezzagu I (Ogboji),Ishielu,,6.2523874,7.7335226
11/08/07/008,NGAMGBO OLA PLAY GROUND,Ezzagu I (Ogboji),Ishielu,,,
11/08/07/009,AGUHO PRIMARY SCHOOL,Ezzagu I (Ogboji),Ishielu,,6.3328407,8.1573691
11/08/07/010,ONUNWANKWO OHINYA MARKET SQUARE,Ezzagu I (Ogboji),Ishielu,,6.0469497,7.7552606
11/08/07/011,ONUNWANKWO EKECHI PLAY GROUND,Ezzagu I (Ogboji),Ishielu,,6.0693200,7.8763770
11/08/07/012,ONUNWANKWO EGUCHA KURU MARKET SQUARE,Ezzagu I (Ogboji),Ishielu,,6.2413350,7.7536547
11/08/07/013,OHUHU PRI. SCHOOL,Ezzagu I (Ogboji),Ishielu,,6.2862002,7.7634019
11/08/07/014,ENYIBICHIRI P/G,Ezzagu I (Ogboji),Ishielu,,6.2862002,7.7634019
11/08/07/015,EBUSIKE PRI. SCHOOL,Ezzagu I (Ogboji),Ishielu,,6.2607899,7.7167854
11/08/07/016,ONUNWEKE UBIA MKT SQUARE,Ezzagu I (Ogboji),Ishielu,,6.2862002,7.7634019
11/08/07/017,ONUNWANKWO OHINYA MKT SQUARE II,Ezzagu I (Ogboji),Ishielu,,6.3974762,7.9731401
11/08/07/018,AGUOGUJI NGAMGBO MBABA PLAY GROUND,Ezzagu I (Ogboji),Ishielu,,5.8804052,7.9317484
11/08/07/019,OGBOJI CENTRAL SCHOOL EZZAGU,Ezzagu I (Ogboji),Ishielu,,6.2523874,7.7335226
11/08/07/020,NWEKE ELOJI ONUEBONYI MARKET SQUARE,Ezzagu I (Ogboji),Ishielu,,6.0469497,7.7552606
11/08/07/021,NGAMGBO EGUELI P/G,Ezzagu I (Ogboji),Ishielu,,6.2862002,7.7634019
11/08/08/001,NGAMGBO OKA VILLAGE SQUARE,Ezzagu II (Nkomoro),Ishielu,,6.3974762,7.9731401
11/08/08/002,UKWUACHI PLAY GROUND,Ezzagu II (Nkomoro),Ishielu,,6.1138186,8.2287695
11/08/08/003,NWANKWO ACHI PLAY GROUND,Ezzagu II (Nkomoro),Ishielu,,6.1138186,8.2287695
11/08/08/004,EZZA OBEAGU C/SCHOOL,Ezzagu II (Nkomoro),Ishielu,,6.6013701,7.7265393
11/08/08/005,ONUNWAFOR MARKET STALL,Ezzagu II (Nkomoro),Ishielu,,6.1704890,8.0292996
11/08/08/006,NGAMGBO AGU OBODO VILLAGE SQUARE,Ezzagu II (Nkomoro),Ishielu,,,
11/08/08/007,NGAMGBO NWIGIRI,Ezzagu II (Nkomoro),Ishielu,,6.2051738,7.8993756
11/08/08/008,OJIEGBE II PLAY GROUND,Ezzagu II (Nkomoro),Ishielu,,6.0382200,7.7789210
11/08/08/009,ONU NWAEKE MARKET SQUARE,Ezzagu II (Nkomoro),Ishielu,,6.1704890,8.0292996
11/08/08/010,ONU NWAEKE PRIMARY SCHOOL,Ezzagu II (Nkomoro),Ishielu,,6.3855901,7.9779308
11/08/08/011,ONUNGAMGBO EZEALI P/GROUND,Ezzagu II (Nkomoro),Ishielu,,,
11/08/08/012,ONUZO RAMIA RACHITA PLAY GROUND,Ezzagu II (Nkomoro),Ishielu,,,
11/08/08/013,NGAMGBO ISHENYI VILLAGE SQUARE,Ezzagu II (Nkomoro),Ishielu,,6.3316233,8.0911334
11/08/08/014,UGBO ANYIM PRIMARY SCHOOL,Ezzagu II (Nkomoro),Ishielu,,6.2862002,7.7634019
11/08/08/015,NGAMGBO OGELE VILLAGE SQUARE,Ezzagu II (Nkomoro),Ishielu,,,
11/08/08/016,ONU EBONYI PLAY GROUND,Ezzagu II (Nkomoro),Ishielu,,6.1142170,8.2411390
11/08/08/017,AGUHUO PRIMARY SCHOOL,Ezzagu II (Nkomoro),Ishielu,,6.3328407,8.1573691
11/08/08/018,NGAMGBO AGU OGUJI,Ezzagu II (Nkomoro),Ishielu,,6.2051738,7.8993756
11/08/08/019,AGUOGUJI PRIMARY SCHOOL,Ezzagu II (Nkomoro),Ishielu,,6.3855901,7.9779308
11/08/08/020,AGBA UGAMA C / SCHOOL,Ezzagu II (Nkomoro),Ishielu,,6.2862002,7.7634019
11/08/08/021,ONUNWAFOR AKAHUHU PLAY GROUND,Ezzagu II (Nkomoro),Ishielu,,6.1142170,8.2411390
11/08/08/022,ONUZO EZAKA EGBU VILLAGE HALL,Ezzagu II (Nkomoro),Ishielu,,6.3076081,8.0290638
11/08/08/023,NGAMGBO NWITE OBAJI,Ezzagu II (Nkomoro),Ishielu,,6.2862002,7.7634019
11/08/08/024,NGAMGBO NWITE VILLAGE HALL,Ezzagu II (Nkomoro),Ishielu,,6.2829253,7.9810845
11/08/08/025,AGU NWENYI PLAY GROUND,Ezzagu II (Nkomoro),Ishielu,,6.0393016,8.1326611
11/08/08/026,ONUNGANGBO IGWE PLAY GROUND,Ezzagu II (Nkomoro),Ishielu,,6.0436978,8.1642044
11/08/08/027,NGAMGBO CHITA IGWE P/G,Ezzagu II (Nkomoro),Ishielu,,6.3859518,8.0114112
11/08/08/028,ONUZO ALUMA OGA P/G,Ezzagu II (Nkomoro),Ishielu,,6.2862002,7.7634019
11/08/08/029,NWANKWO ISOHUMIRI MKT SQUARE,Ezzagu II (Nkomoro),Ishielu,,,
11/08/08/030,ONUZOR ELEKE IGWE P/G,Ezzagu II (Nkomoro),Ishielu,,6.3859518,8.0114112
11/08/08/031,ONUZOR NWEZAKA P/G,Ezzagu II (Nkomoro),Ishielu,,6.2862002,7.7634019
11/08/08/032,ONUORINYA PLAY GROUND,Ezzagu II (Nkomoro),Ishielu,,6.2862002,7.7634019
11/08/08/033,NGAMGBO ONUZOR ONELE V/HALL,Ezzagu II (Nkomoro),Ishielu,,6.2977387,8.0903941
11/08/08/034,COMM. PRI. SCH. AGUOBODO II,Ezzagu II (Nkomoro),Ishielu,,6.3328407,8.1573691
11/08/08/035,ELOJI ONUZO NWANGA CHUKWU PLAY GROUND,Ezzagu II (Nkomoro),Ishielu,,6.1142170,8.2411390
11/08/08/036,NGAMGBO NWOKE EGBA V/S,Ezzagu II (Nkomoro),Ishielu,,6.3859518,8.0114112
11/08/08/037,ONUZO EZE NWORIE P/G,Ezzagu II (Nkomoro),Ishielu,,6.3859518,8.0114112
11/08/08/038,AMOGBU - ONUZO IJORGU P/G,Ezzagu II (Nkomoro),Ishielu,,6.2862002,7.7634019
11/08/09/001,AGUWENKAYA PLAY GROUND,Iyonu,Ishielu,,6.0234206,7.7442375
11/08/09/002,IYONU COMM. SCHOOL I,Iyonu,Ishielu,,6.4167674,7.7801201
11/08/09/003,IYONU COMM. SCHOOL II,Iyonu,Ishielu,,6.4167674,7.7801201
11/08/09/004,"OGBAGU EZZA COMM, SCHOOL",Iyonu,Ishielu,,6.5098360,7.7705979
11/08/09/005,OBODO UMUNYITA COMM. SCHOOL,Iyonu,Ishielu,,6.5098360,7.7705979
11/08/09/006,OBEAGU IYONU,Iyonu,Ishielu,,6.0344099,7.8214697
11/08/09/007,UMUEZE VILLAGE SQUARE,Iyonu,Ishielu,,6.3944074,7.9555395
11/08/10/001,AMAGU ISHIAGU VILLAGE HALL,Nkalagu,Ishielu,,5.9438349,7.5655202
11/08/10/002,NDIAGU ISHIAGU PLAY GROUND,Nkalagu,Ishielu,,5.9460590,7.5607460
11/08/10/003,NDIULO IMEOHA VILLAGE SQUARE,Nkalagu,Ishielu,,6.4764918,7.7751597
11/08/10/004,AMANVU PRIMARY SCHOOL I,Nkalagu,Ishielu,,6.4755460,7.7751940
11/08/10/005,AMANVU PRIMARY SCHOOL II,Nkalagu,Ishielu,,6.4755460,7.7751940
11/08/10/006,AKIYI ATO TOWN HALL,Nkalagu,Ishielu,,6.2996203,8.1162981
11/08/10/007,NZASHIOGU VILLAGE SQUARE,Nkalagu,Ishielu,,6.4764918,7.7751597
11/08/10/008,AMANVU OBODO AJA,Nkalagu,Ishielu,,6.0344099,7.8214697
11/08/10/009,NDIULO UWULE,Nkalagu,Ishielu,,6.4773874,7.7756288
11/08/10/010,OBODO NDIAGU AGABARA,Nkalagu,Ishielu,,6.4737551,7.7800034
11/08/10/011,COMM. SECONDARY SCHOOL NKALAGU,Nkalagu,Ishielu,,6.4755460,7.7751940
11/08/10/012,OBODO ISHIAGU P/G I,Nkalagu,Ishielu,,5.9174100,7.5592632
11/08/10/013,OBODO ISHIAGU P/G II,Nkalagu,Ishielu,,,
11/08/10/014,OVIABATA PLAY GROUND,Nkalagu,Ishielu,,6.4764918,7.7751597
11/08/10/015,ADANGO PLAY GROUND,Nkalagu,Ishielu,,6.4764918,7.7751597
11/08/10/016,OBODO EDEMA PLAY GROUND,Nkalagu,Ishielu,,6.4764918,7.7751597
11/08/10/017,OBODO NDIAGU AKPARATA PLAY GROUND,Nkalagu,Ishielu,,6.0294299,7.7903360
11/08/10/018,NDIAGU ISU PLAY GROUND,Nkalagu,Ishielu,,6.4764918,7.7751597
11/08/10/019,OBODO NDIAGU OBELAGU VILLAGE SQUARE,Nkalagu,Ishielu,,6.4737551,7.7800034
11/08/10/020,UKPATA TOWN HALL,Nkalagu,Ishielu,,6.4764918,7.7751597
11/08/11/001,NIGERCEM NURSERY SCHOOL,Nkalaha,Ishielu,,6.5484919,7.7897652
11/08/11/002,UMUELE PLAY GROUND HALL,Nkalaha,Ishielu,,6.0770850,8.1361680
11/08/11/003,AMAEZE AGBA GOVERNMENT SCHOOL I,Nkalaha,Ishielu,,5.9608600,7.5511260
11/08/11/004,AMAEZE AGBA GOVERNMENT SCHOOL II,Nkalaha,Ishielu,,5.9608600,7.5511260
11/08/11/005,UMUAGU NKALAHA PLAY GROUND,Nkalaha,Ishielu,,5.9994650,8.2836660
11/08/11/006,AMOKWE OHUALA PLAY GROUND,Nkalaha,Ishielu,,5.9553400,7.5635670
11/08/11/007,OBOBO CHI NKALAHA PLAY GROUND,Nkalaha,Ishielu,,,
11/08/11/008,AMAEKE OKWE PLAY GROUND,Nkalaha,Ishielu,,6.0327410,7.8092290
11/08/11/009,UMULESHA VILLAGE SQUARE,Nkalaha,Ishielu,,6.1232328,8.0883510
11/08/11/010,OBODO ATO PRI. SCH.,Nkalaha,Ishielu,,6.0485110,7.8966170
11/08/11/011,AMAEGBU PLAY GROUND,Nkalaha,Ishielu,,6.0622809,8.1419860
11/08/11/012,EGUEKE PLAY GROUND,Nkalaha,Ishielu,,6.0770850,8.1361680
11/08/12/001,NTEZI CENTRAL SCHOOL I,Ntezi,Ishielu,,6.4008140,7.9138868
11/08/12/002,NTEZI CENTRAL SCHOOL II,Ntezi,Ishielu,,6.4008140,7.9138868
11/08/12/003,BILEDEBA C/PRIMARY SCHOOL PREMISES,Ntezi,Ishielu,,6.4058916,7.9128274
11/08/12/004,NTEZI ORRI COMM. SCHOOL,Ntezi,Ishielu,,6.4074931,7.8973340
11/08/12/005,UKWAKWU AMATA VILLAGE SQUARE,Ntezi,Ishielu,,6.3944074,7.9555395
11/08/12/006,ODA BUS STOP,Ntezi,Ishielu,,6.3221419,8.1094363
11/08/12/007,EZZA EZEKUNA VILLAGE SQUARE,Ntezi,Ishielu,,6.3076081,8.0290638
11/08/12/008,ORRI CAMPUS PRIMARY SCHOOL,Ntezi,Ishielu,,6.4008140,7.9138868
11/08/12/009,NTEZI COMM. SECONDARY SCHOOL,Ntezi,Ishielu,,6.4074931,7.8973340
11/08/12/010,ODE MARKET SQUARE I,Ntezi,Ishielu,,6.4028619,7.9155958
11/08/12/011,EZEGU PLAY GROUND,Ntezi,Ishielu,,6.3074878,7.7505234
11/08/12/012,ODE MARKET SQUARE II,Ntezi,Ishielu,,6.4028619,7.9155958
11/08/12/013,NWEKE NDIAGU MKT SQ,Ntezi,Ishielu,,6.4050800,7.9153050
11/08/12/014,UMUEZEOKOHA,Ntezi,Ishielu,,6.3944074,7.9555395
11/08/12/015,AGUENYI P/G UMUEZEOKE,Ntezi,Ishielu,,,
11/08/12/016,UKWURATA AMATA V/SQ II,Ntezi,Ishielu,,6.3944074,7.9555395
11/08/12/017,ODA BUS STOP II,Ntezi,Ishielu,,6.3221419,8.1094363
11/08/12/018,NGAMGBO EKPESU PLAY GROUND,Ntezi,Ishielu,,6.0436978,8.1642044
11/08/12/019,UHUMBA ALO PLAY GROUND,Ntezi,Ishielu,,6.3381727,8.0607114
11/08/12/020,AMAEFI PLAY GROUND,Ntezi,Ishielu,,6.3381727,8.0607114
11/08/12/021,NWAFOR EZZA MKT SQ,Ntezi,Ishielu,,6.3076081,8.0290638
11/08/12/022,NTEZI COMM. SEC. SCH. II,Ntezi,Ishielu,,6.4074931,7.8973340
11/08/12/023,OHAGE PLAY GROUND,Ntezi,Ishielu,,6.3381727,8.0607114
11/08/13/001,OHUALI PLAY GROUND,Obeagu,Ishielu,,5.9496850,7.5454410
11/08/13/002,EKEOBEAGU PLAY GROUND,Obeagu,Ishielu,,5.9496850,7.5454410
11/08/13/003,OKPUALA OBEAGU PLAY GROUND,Obeagu,Ishielu,,6.6140417,7.7525352
11/08/13/004,OGBEJE PLAY GROUND,Obeagu,Ishielu,,5.9496850,7.5454410
11/08/13/005,JIOKE OBEAGU,Obeagu,Ishielu,,6.6140417,7.7525352
11/08/13/006,EZZA OBEAGU COMM. SCHOOL,Obeagu,Ishielu,,6.6140417,7.7525352
11/08/13/007,EGEDEGE OBAGU PLAY GROUND,Obeagu,Ishielu,,6.0234206,7.7442375
11/08/13/008,AMOGBA OBEAGU PLAY GROUND,Obeagu,Ishielu,,6.6140417,7.7525352
11/08/13/009,AKPOCHI MARKET SQUARE,Obeagu,Ishielu,,6.3294866,8.1218326
11/08/13/010,IHUZAM PLAY GROUND,Obeagu,Ishielu,,5.9460590,7.5607460
11/08/14/001,OKWUANYIONU PRIMARY SCHOOL I,Ohofia,Ishielu,,6.3137727,8.1120990
11/08/14/002,OKWUANYIONU PRIMARY SCHOOL II,Ohofia,Ishielu,,6.3831357,7.7676713
11/08/14/003,OHOFIA COMM. PRIMARY SCHOOL I,Ohofia,Ishielu,,6.2953530,7.8517780
11/08/14/004,OHOFIA COMM. PRIMARY SCHOOL II,Ohofia,Ishielu,,6.2953530,7.8517780
11/08/14/005,ORIE AGUEDENE MARKET SQUARE I,Ohofia,Ishielu,,5.9165056,7.8838682
11/08/14/006,ORIE AGUEDENE MARKET SQUARE II,Ohofia,Ishielu,,5.9165056,7.8838682
11/08/14/007,AGUEFI STATE PRIMARY SCHOOL,Ohofia,Ishielu,,6.2354736,8.1049066
11/08/14/008,METHODIST SQUARE GROUND,Ohofia,Ishielu,,6.4557383,7.9194224
11/08/14/009,IGWEBUIKE PRIMARY SCHOOL I,Ohofia,Ishielu,,6.3067465,7.6683987
11/08/14/010,IGWEBUIKE PRIMARY SCHOOL II,Ohofia,Ishielu,,6.3067465,7.6683987
11/08/14/011,NKWOINYIMA MARKET SQUARE,Ohofia,Ishielu,,6.3090585,8.1269838
11/08/14/012,NWAFOR ISHIAGU MARKET SQUARE,Ohofia,Ishielu,,5.9718675,7.5513443
11/08/14/013,C.P.S AGUOZU,Ohofia,Ishielu,,6.3944074,7.9555395
11/08/15/001,NKWO MARKET STALL I,Okpoto,Ishielu,,6.4737551,7.7800034
11/08/15/002,NKWO MARKET STALL II,Okpoto,Ishielu,,6.4737551,7.7800034
11/08/15/003,COMM. SCHOOL ABOYI I,Okpoto,Ishielu,,6.4131290,7.8605461
11/08/15/004,COMM. SCHOOL ABOYI II,Okpoto,Ishielu,,6.4131290,7.8605461
11/08/15/005,UKWUACHI COMM. PRIMARY SCHOOL,Okpoto,Ishielu,,,
11/08/15/006,AFOR MARKET SQUARE,Okpoto,Ishielu,,6.4390562,7.8720414
11/08/15/007,CENTRAL SCHOOL OKPOTO,Okpoto,Ishielu,,6.3665672,7.8676057
11/08/15/008,COMM. SCHOOL OKPOTO,Okpoto,Ishielu,,6.4131290,7.8605461
11/08/15/009,NKWO IGBEGBE MARKET SQUARE,Okpoto,Ishielu,,6.4737551,7.7800034
11/08/15/010,UTAM PLAY GROUND,Okpoto,Ishielu,,6.3381727,8.0607114
11/08/15/011,COMM. PRI. SCH. AGUENYI,Okpoto,Ishielu,,6.4058916,7.9128274
11/08/15/012,OBULECHI LETELIDO P/G,Okpoto,Ishielu,,6.4104762,7.8646626
11/08/15/013,EKE MARKET SQUARE,Okpoto,Ishielu,,6.2176439,7.7652014
11/08/15/014,LOKAFA LOKPO VILLAGE SQUARE,Okpoto,Ishielu,,6.3944074,7.9555395
11/08/15/015,UZENYI PLAY GROUND,Okpoto,Ishielu,,6.0382200,7.7789210
11/08/15/016,OJEGBE/LOGBO VILLAGE SQUARE,Okpoto,Ishielu,,,
11/08/15/017,NDIEZE PLAY GROUND,Okpoto,Ishielu,,6.3499363,8.1068807
11/08/15/018,ELEBUA VILLAGE SQUARE,Okpoto,Ishielu,,6.3944074,7.9555395
11/08/15/019,EVANGEL UNIVESITY,Okpoto,Ishielu,,6.4080300,7.8674697
11/08/16/001,AZUZURU PRIMARY SCHOOL CAMPUS II,Umuhuali,Ishielu,,6.4082699,7.7607974
11/08/16/002,AZUOGBAGU PLAY GROUND,Umuhuali,Ishielu,,6.3381727,8.0607114
11/08/16/003,EZZA UMUHUALI PRIMARY SCHOOL,Umuhuali,Ishielu,,6.5098360,7.7705979
11/08/16/004,ONUNWAKWO PLAY GROUND I,Umuhuali,Ishielu,,6.3381727,8.0607114
11/08/16/005,ONUNWAKWO PLAY GROUND II,Umuhuali,Ishielu,,6.3381727,8.0607114
11/08/16/006,AMETA PLAY GROUND,Umuhuali,Ishielu,,6.3381727,8.0607114
11/08/16/007,AZUEGU PLAY GROUND,Umuhuali,Ishielu,,6.0770850,8.1361680
11/08/16/008,EKE MARKET STALL,Umuhuali,Ishielu,,6.1346486,7.8896241
11/08/16/009,AMOKWE PLAY GROUND,Umuhuali,Ishielu,,5.9553400,7.5635670
11/08/16/010,NIGERCEM PARENTS,Umuhuali,Ishielu,,6.5432260,7.7904820
11/08/16/011,APOSTOLIC SCHOOL,Umuhuali,Ishielu,,,
11/08/16/012,OVER RAIL,Umuhuali,Ishielu,,6.5098360,7.7705979
11/08/16/013,COMM. SCHOOL UMUHUALI,Umuhuali,Ishielu,,6.5098360,7.7705979
11/08/16/014,NIGERCEM NURSERY,Umuhuali,Ishielu,,6.5484919,7.7897652
11/08/16/015,AMAGU PLAY GROUND,Umuhuali,Ishielu,,6.0622809,8.1419860
11/08/16/016,NGAMGBO NWALIBUZU IGWE P/G AZUOFIA,Umuhuali,Ishielu,,6.3859518,8.0114112
11/08/16/017,EZZA UMUHUALI PRI. SCH. II,Umuhuali,Ishielu,,6.5098360,7.7705979
11/08/16/018,IRUOGBAGU PLAY GROUND,Umuhuali,Ishielu,,6.3381727,8.0607114
11/08/16/019,COMM. SEC. SCH. UMUHUALI,Umuhuali,Ishielu,,6.5098360,7.7705979
11/09/01/001,EGBE UMUHUEBE PLAY GROUND,Akaeze Ukwu,Ivo,,5.9171800,7.7112158
11/09/01/002,OGBOJI PLAY GROUND,Akaeze Ukwu,Ivo,,5.9171800,7.7112158
11/09/01/003,AMAEZE PRIMARY SCHOOL,Akaeze Ukwu,Ivo,,5.9608600,7.5511260
11/09/01/004,AKPU OBEAGU PLAY GROUND,Akaeze Ukwu,Ivo,,5.9137716,7.7145152
11/09/01/005,AMOBALA PLAY GROUND,Akaeze Ukwu,Ivo,,5.9171800,7.7112158
11/09/01/006,AMUTA PLAY GROUND,Akaeze Ukwu,Ivo,,5.9171800,7.7112158
11/09/01/007,OBODO PLAY GROUND,Akaeze Ukwu,Ivo,,5.9583120,7.5436490
11/09/01/008,AMUROR PLAY GROUND,Akaeze Ukwu,Ivo,,5.9171800,7.7112158
11/09/01/009,EZIAFOR PRIMARY SCHOOL I,Akaeze Ukwu,Ivo,,5.9608600,7.5511260
11/09/01/010,EZIAFOR PRIMARY SCHOOL II,Akaeze Ukwu,Ivo,,5.9608600,7.5511260
11/09/01/011,AMAMKPUME P/G,Akaeze Ukwu,Ivo,,5.9137716,7.7145152
11/09/01/012,AKPU NWIGBO PLAY GROUND,Akaeze Ukwu,Ivo,,5.9137716,7.7145152
11/09/01/013,AMAEZE CENTRAL SCH.,Akaeze Ukwu,Ivo,,5.9608600,7.5511260
11/09/01/014,ISHIAGU CIVIC CENTRE,Akaeze Ukwu,Ivo,,5.9684511,7.5518280
11/09/01/015,EGBE OBEAGU P/G,Akaeze Ukwu,Ivo,,,
11/09/02/001,C.P.S AKAEZE UKWU,Amaeze Ishiagu,Ivo,,5.9608600,7.5511260
11/09/02/002,UMUAJALI PLAY GROUND,Amaeze Ishiagu,Ivo,,5.9608600,7.5511260
11/09/02/003,AMIYI PLAY GROUND,Amaeze Ishiagu,Ivo,,5.9608600,7.5511260
11/09/02/004,AMAEKE PLAY GROUND,Amaeze Ishiagu,Ivo,,5.9605965,7.5616323
11/09/02/005,ORIE UKWU MARKET SQUARE,Amaeze Ishiagu,Ivo,,,
11/09/02/006,AMAOGBU PLAY GROUND,Amaeze Ishiagu,Ivo,,5.9568720,7.5565720
11/09/02/007,AVIA NWACHI MARKET SQUARE,Amaeze Ishiagu,Ivo,,5.8633940,7.9432630
11/09/02/008,MGBEDE C.P.S,Amaeze Ishiagu,Ivo,,5.9608600,7.5511260
11/09/02/009,AGBAESU PLAY GROUND,Amaeze Ishiagu,Ivo,,5.9605965,7.5616323
11/09/02/010,ONUNKPU-UKO PLAY GROUND,Amaeze Ishiagu,Ivo,,5.9521960,7.5580790
11/09/02/011,AMAJA P/G,Amaeze Ishiagu,Ivo,,5.9608600,7.5511260
11/09/02/012,AMAEGUNTA PLAY GROUND,Amaeze Ishiagu,Ivo,,5.9605965,7.5616323
11/09/02/013,UMUDOM PLAY GROUND,Amaeze Ishiagu,Ivo,,5.9605965,7.5616323
11/09/03/001,AKANU PLAY GROUND,Amagu,Ivo,,5.9339113,7.5609112
11/09/03/002,AMACHI PLAY GROUND,Amagu,Ivo,,5.9732670,7.9554161
11/09/03/003,AKPUNEKE PLAY GROUND,Amagu,Ivo,,5.9506010,7.5661603
11/09/03/004,AMANTA PLAY GROUND,Amagu,Ivo,,5.8640928,7.5481964
11/09/03/005,AMUZU PLAY GROUND,Amagu,Ivo,,5.9263429,7.5626411
11/09/03/006,ISHIAGU COURT PREMISES,Amagu,Ivo,,5.9532314,7.5605035
11/09/03/007,AKPARATA IHIE PLAY GROUND,Amagu,Ivo,,5.9374399,7.5580140
11/09/03/008,NDIEZE IHIE PLAY GROUND,Amagu,Ivo,,5.9460590,7.5607460
11/09/03/009,NDIOKWOR IHIE PLAY GROUND I,Amagu,Ivo,,5.9519470,7.5609580
11/09/03/010,NDIOKWOR IHIE PLAY GROUND II,Amagu,Ivo,,5.9519470,7.5609580
11/09/03/011,ISHIAGU CENTRAL SCHOOL,Amagu,Ivo,,5.9532955,7.5591892
11/09/03/012,UKWUDARA AMUZU AMAGU PLAY GROUND,Amagu,Ivo,,5.9263429,7.5626411
11/09/04/001,AMAONYE PLAY GROUND,Amonye,Ivo,,5.9521960,7.5580790
11/09/04/002,AKPARATA PLAY GROUND,Amonye,Ivo,,5.9478500,7.5560210
11/09/04/003,AMAONYE PRIMARY SCHOOL,Amonye,Ivo,,,
11/09/04/004,EGBE AMAONYE PLAY GROUND,Amonye,Ivo,,5.9521960,7.5580790
11/09/04/005,AJALI PLAY GROUND,Amonye,Ivo,,5.9519010,7.5532250
11/09/04/006,UBEAGU PLAY GROUND,Amonye,Ivo,,5.9460250,7.5770730
11/09/04/007,GIRILS SECONDARY SCHOOL IHIETUTU,Amonye,Ivo,,5.9539099,7.5567090
11/09/04/008,OVIE ELUGWU PLAY GROUND I,Amonye,Ivo,,5.8312737,7.9282347
11/09/04/009,OVIE ELUGWU PLAY GROUND II,Amonye,Ivo,,5.8312737,7.9282347
11/09/04/010,ONUAHIA IHIETUTU P/G,Amonye,Ivo,,5.8787939,7.5775884
11/09/05/001,C.C.S AKAEZE I,Ihenta Ogidi,Ivo,,5.9196512,7.6929292
11/09/05/002,C.C.S AKAEZE II,Ihenta Ogidi,Ivo,,5.9196512,7.6929292
11/09/05/003,WELL PLAY GROUND I,Ihenta Ogidi,Ivo,,5.9085368,7.6738589
11/09/05/004,WELL PLAY GROUND II,Ihenta Ogidi,Ivo,,5.9057942,7.6921597
11/09/05/005,AKAEZE COURT I,Ihenta Ogidi,Ivo,,5.9191050,7.6755683
11/09/05/006,AKAEZE COURT II,Ihenta Ogidi,Ivo,,5.9191050,7.6755683
11/09/05/007,OGIDI MARKET SQUARE I,Ihenta Ogidi,Ivo,,5.9171543,7.6759282
11/09/05/008,OGIDI MARKET SQUARE II,Ihenta Ogidi,Ivo,,5.9171543,7.6759282
11/09/05/009,CHILDREN OF LIGHT NURSERY AND PRY. SCH.,Ihenta Ogidi,Ivo,,,
11/09/06/001,UBEDE PLAY GROUND,Iyioji Akaeze,Ivo,,6.0393016,8.1326611
11/09/06/002,AMAEVI PLAY GROUND,Iyioji Akaeze,Ivo,,5.9092267,7.6970964
11/09/06/003,C.S.P IYIOJI,Iyioji Akaeze,Ivo,,5.9096556,7.6331130
11/09/06/004,AMUMAKPA PLAY GROUND,Iyioji Akaeze,Ivo,,5.9119648,7.6561114
11/09/06/005,UMULU MARKET SQUARE,Iyioji Akaeze,Ivo,,6.0469497,7.7552606
11/09/06/006,NDI PLAY GROUND,Iyioji Akaeze,Ivo,,5.9460590,7.5607460
11/09/06/007,AMAUDARA PLAY GROUND,Iyioji Akaeze,Ivo,,5.9057942,7.6921597
11/09/06/008,UMUEGU PLAY GROUND I,Iyioji Akaeze,Ivo,,6.0393016,8.1326611
11/09/06/009,UMUEGU PLAY GROUND II,Iyioji Akaeze,Ivo,,6.4104762,7.8646626
11/09/06/010,OBULOR PLAY GROUND,Iyioji Akaeze,Ivo,,6.0393016,8.1326611
11/09/06/011,AMORJI PLAY GROUND,Iyioji Akaeze,Ivo,,5.8565378,7.6873706
11/09/07/001,NDIOKORO UKWU PRIMARY SCHOOL,Ndiokoro Ukwu,Ivo,,5.8586590,7.5244600
11/09/07/002,NDIOBASI PRIMARY SCHOOL,Ndiokoro Ukwu,Ivo,,5.8586590,7.5244600
11/09/07/003,NDIUGBUGBO PRIMARY SCHOOL I,Ndiokoro Ukwu,Ivo,,5.9608600,7.5511260
11/09/07/004,NDIUGBUGBO PRIMARY SCHOOL II,Ndiokoro Ukwu,Ivo,,5.9608600,7.5511260
11/09/07/005,NDIUGBUGBO PRIMARY SCHOOL III,Ndiokoro Ukwu,Ivo,,5.9608600,7.5511260
11/09/07/006,AFIKPO ROAD PRIMARY SCHOOL,Ndiokoro Ukwu,Ivo,,5.8942795,7.5538403
11/09/07/007,EZZA EKEMBE PRIMARY SCHOOL,Ndiokoro Ukwu,Ivo,,5.9608600,7.5511260
11/09/07/008,EGUNKPUME PLAY GROUND,Ndiokoro Ukwu,Ivo,,6.0234206,7.7442375
11/09/07/009,NDI-IBE NDIOBASI PLAY GROUND,Ndiokoro Ukwu,Ivo,,5.8312737,7.9282347
11/09/08/001,PRIMARY SCHOOL NGWOGWO,Ngwogwo,Ivo,,5.9558060,7.5715500
11/09/08/002,ONUNKPU OKONKWOR PLAY GROUND,Ngwogwo,Ivo,,5.9586010,7.5751270
11/09/08/003,OKWOR PLAY GROUND,Ngwogwo,Ivo,,5.9577880,7.5769770
11/09/08/004,AMOKWE HALL,Ngwogwo,Ivo,,5.9525192,7.5719780
11/09/08/005,AVIA ERU PLAY GROUND,Ngwogwo,Ivo,,5.9539030,7.5719650
11/09/08/006,IHIEKE IHUOGWU PLAY GROUND,Ngwogwo,Ivo,,5.8312737,7.9282347
11/09/08/007,AMABA PLAY GROUND,Ngwogwo,Ivo,,5.9641870,7.5613740
11/09/08/008,OBULA PLAY GROUND,Ngwogwo,Ivo,,5.9563012,7.5605088
11/09/08/009,AMABACHI PLAY GROUND,Ngwogwo,Ivo,,6.0372040,7.8078480
11/09/08/010,ELUMKPUME P/G,Ngwogwo,Ivo,,6.1505136,7.8004331
11/09/08/011,AMAEKE COMMUNITY PRIMARY SCHOOL,Ngwogwo,Ivo,,5.9641870,7.5613740
11/09/08/012,AMOKWE POWER HOUSE,Ngwogwo,Ivo,,5.9525192,7.5719780
11/09/09/001,AMANTA PLAY GROUND,Obinagu,Ivo,,5.8640928,7.5481964
11/09/09/002,OVUNTA PLAY GROUND I,Obinagu,Ivo,,5.9171800,7.7112158
11/09/09/003,OVUNTA PLAY GROUND II,Obinagu,Ivo,,5.9171800,7.7112158
11/09/09/004,IHUALI PLAY GROUND,Obinagu,Ivo,,5.8776310,7.5797000
11/09/09/005,AYARAGU MARKET SQUARE,Obinagu,Ivo,,5.8787939,7.5775884
11/09/09/006,IYIOKWU PLAY GROUND,Obinagu,Ivo,,5.9568720,7.5565720
11/09/09/007,MILE II MARKET SQUARE,Obinagu,Ivo,,6.4270951,7.4065061
11/09/09/008,AGBA UKWU PLAY GROUND,Obinagu,Ivo,,5.8986265,7.7395107
11/09/09/009,AMAUKWU PLAY GROUND,Obinagu,Ivo,,5.9568720,7.5565720
11/09/09/010,MAIN POINT TRANSFORMER,Obinagu,Ivo,,5.9351423,8.1164206
11/09/10/001,OKWUAZU OKUE PLAY GROUND,Okue,Ivo,,5.9568720,7.5565720
11/09/10/002,OKUE HALL,Okue,Ivo,,5.9525192,7.5719780
11/09/10/003,OBAGU OKUE PLAY GROUND,Okue,Ivo,,6.1138186,8.2287695
11/09/10/004,ACHI AMACHI PLAY GROUND,Okue,Ivo,,5.9568720,7.5565720
11/09/10/005,AMURUO PLAY GROUND,Okue,Ivo,,6.0393016,8.1326611
11/09/10/006,ABADA PLAY GROUND,Okue,Ivo,,5.9456476,7.5673832
11/09/10/007,NDI OKWO MARKET SQUARE,Okue,Ivo,,6.4734793,7.9565917
11/09/10/008,P.W.D OKOFIA,Okue,Ivo,,,
11/09/10/009,NZEREM PLAY GROUND,Okue,Ivo,,6.0234206,7.7442375
11/09/10/010,UMUAKPUNWAJA EKETE PLAY GROUND,Okue,Ivo,,5.9460250,7.5770730
11/09/10/011,UMUNJOKU P/G,Okue,Ivo,,6.3859518,8.0114112
11/09/10/012,AMEKPO PLAY GROUND,Okue,Ivo,,5.9568720,7.5565720
11/09/11/001,UMOBO PRIMARY SCHOOL,Umobo,Ivo,,5.9154762,7.6767612
11/09/11/002,NDIACHI PLAY GROUND,Umobo,Ivo,,5.9085368,7.6738589
11/09/11/003,NKWOBO MARKET SQUARE,Umobo,Ivo,,5.9088157,7.6774196
11/09/11/004,NDIAJALI PLAY GROUND,Umobo,Ivo,,5.9111595,7.6745510
11/09/11/005,ELUEGU PLAY GROUND I,Umobo,Ivo,,6.0234206,7.7442375
11/09/11/006,ELUEGU PLAY GROUND II,Umobo,Ivo,,6.0393016,8.1326611
11/09/11/007,AMAEGBU PLAY GROUND,Umobo,Ivo,,5.9568720,7.5565720
11/09/11/008,UMUEGWU PLAY GROUND,Umobo,Ivo,,6.0234206,7.7442375
11/09/11/009,UGWUNKOJO PLAY GROUND,Umobo,Ivo,,5.9915150,7.7675920
11/09/11/010,UMUOJI PLAY GROUND,Umobo,Ivo,,6.0393016,8.1326611
11/09/11/011,ELUEKE PLAY GROUND,Umobo,Ivo,,6.0234206,7.7442375
11/10/01/001,COMM. SCHOOL EKENGBO,Agbaja Mgbo,Izzi,,6.4099793,8.2376813
11/10/01/002,OBEGUNGBO VILLAGE SQUARE,Agbaja Mgbo,Izzi,,6.5367195,8.2850402
11/10/01/003,"COMMUNITY SCHOOL, MKPUMA",Agbaja Mgbo,Izzi,,6.3640105,8.3320438
11/10/01/004,OKALERU PRIMARY SCHOOL I,Agbaja Mgbo,Izzi,,,
11/10/01/005,OKALERU PRIMARY SCHOOL II,Agbaja Mgbo,Izzi,,6.3416386,8.1263642
11/10/01/006,OBEGU OKALERU SQUARE,Agbaja Mgbo,Izzi,,6.5367195,8.2850402
11/10/01/007,OKWERIKE CENTRAL SQUARE I,Agbaja Mgbo,Izzi,,6.6527066,8.1808250
11/10/01/008,OKWERIKE CENTRAL SQUARE II,Agbaja Mgbo,Izzi,,6.6527066,8.1808250
11/10/01/009,AGUBATA VILLAGE HALL,Agbaja Mgbo,Izzi,,6.6527066,8.1808250
11/10/01/010,NDINWEZE VILLAGE SQUARE,Agbaja Mgbo,Izzi,,6.5367195,8.2850402
11/10/01/011,NDIESHA PRIMARY SCHOOL,Agbaja Mgbo,Izzi,,6.3416386,8.1263642
11/10/01/012,NDIACHI VILLAGE HALL,Agbaja Mgbo,Izzi,,6.6527066,8.1808250
11/10/01/013,EKERIGWE VILLAGE HALL,Agbaja Mgbo,Izzi,,6.6527066,8.1808250
11/10/01/014,NDIOGA VILLAGE HALL,Agbaja Mgbo,Izzi,,6.6527066,8.1808250
11/10/01/015,NDIOGA EDUKWU NWAFIA,Agbaja Mgbo,Izzi,,6.5367195,8.2850402
11/10/01/016,IGWEKENYIM HALL,Agbaja Mgbo,Izzi,,6.6527066,8.1808250
11/10/01/017,ISOHUMIRI PRIMARY SCHOOL,Agbaja Mgbo,Izzi,,6.3416386,8.1263642
11/10/01/018,NWOFE CENTRAL SCHOOL I,Agbaja Mgbo,Izzi,,6.4099793,8.2376813
11/10/01/019,NWOFE CENTRAL SCHOOL II,Agbaja Mgbo,Izzi,,6.4099793,8.2376813
11/10/01/020,NDIEBOR OKALERU VILLAGE HALL,Agbaja Mgbo,Izzi,,6.6527066,8.1808250
11/10/01/021,OBEGU MKPUMAKPATAKPA VILLAGE HALL,Agbaja Mgbo,Izzi,,6.6527066,8.1808250
11/10/01/022,COMM. SCH. MKPUMA II,Agbaja Mgbo,Izzi,,6.4099793,8.2376813
11/10/01/023,EDUKWU MBAM EREKERE MKT,Agbaja Mgbo,Izzi,,6.3859518,8.0114112
11/10/01/024,NWAFIA IGWEKANYIM II,Agbaja Mgbo,Izzi,,6.6527066,8.1808250
11/10/01/025,NWAFIA IGWEKANYIM III,Agbaja Mgbo,Izzi,,6.6527066,8.1808250
11/10/01/026,ISOHUMIRI PRI. SCH. II,Agbaja Mgbo,Izzi,,6.4099793,8.2376813
11/10/01/027,NWOFE CENT. SCH. III,Agbaja Mgbo,Izzi,,6.3228432,8.1978177
11/10/01/028,NWOFE CENT. SCH. IV,Agbaja Mgbo,Izzi,,6.3228432,8.1978177
11/10/01/029,NWOFE CENT. SCH. V,Agbaja Mgbo,Izzi,,6.3226608,8.0777413
11/10/01/030,NWOFE CENT. SCH. VI,Agbaja Mgbo,Izzi,,6.4099793,8.2376813
11/10/02/001,COMMUNITY HEALTH CENTRE,Agbaja Anyanwuigwe,Izzi,,,
11/10/02/002,EDUKWU OKEMINI,Agbaja Anyanwuigwe,Izzi,,6.2922425,8.2295009
11/10/02/003,EDUKWU OFEREKPE,Agbaja Anyanwuigwe,Izzi,,6.2922425,8.2295009
11/10/02/004,AMACHARA CENTRAL SCHOOL I,Agbaja Anyanwuigwe,Izzi,,,
11/10/02/005,AMACHARA CENTRAL SCHOOL (C.S II),Agbaja Anyanwuigwe,Izzi,,,
11/10/02/006,EDUKWUACHI VILLAGE HALL I,Agbaja Anyanwuigwe,Izzi,,6.6527066,8.1808250
11/10/02/007,EDUKWUACHI VILLAGE HALL II,Agbaja Anyanwuigwe,Izzi,,6.6527066,8.1808250
11/10/02/008,NDIOCHIMBA VILLAGE HALL,Agbaja Anyanwuigwe,Izzi,,6.6527066,8.1808250
11/10/02/009,ADUM VILLAGE HALL,Agbaja Anyanwuigwe,Izzi,,6.6527066,8.1808250
11/10/02/010,NDIORUTA VILLAGE SQUARE I,Agbaja Anyanwuigwe,Izzi,,,
11/10/02/011,NDIORUTA VILLAGE SQUARE II,Agbaja Anyanwuigwe,Izzi,,,
11/10/02/012,EKWEBURU VILLAGE HALL,Agbaja Anyanwuigwe,Izzi,,6.6527066,8.1808250
11/10/02/013,NDUBULOFIA VILLAGE HALL,Agbaja Anyanwuigwe,Izzi,,6.6527066,8.1808250
11/10/02/014,EKWE VILLAGE HALL,Agbaja Anyanwuigwe,Izzi,,6.6527066,8.1808250
11/10/02/015,EDUKWIACHI TOWN HALL,Agbaja Anyanwuigwe,Izzi,,6.6527066,8.1808250
11/10/02/016,OFFEREKPE PRI. SCH. II,Agbaja Anyanwuigwe,Izzi,,,
11/10/02/017,ALEGUEZE MKT SQ,Agbaja Anyanwuigwe,Izzi,,,
11/10/02/018,OKOGWU MKT SQ,Agbaja Anyanwuigwe,Izzi,,,
11/10/02/019,EDUKWU OKEMINI ADUM,Agbaja Anyanwuigwe,Izzi,,,
11/10/02/020,OBEGU IGBOKE MKT,Agbaja Anyanwuigwe,Izzi,,,
11/10/03/001,C.P.S ONUENYIM,Agbaja Offia Onwe,Izzi,,6.6527066,8.1808250
11/10/03/002,OFFIA ONWE CENTRAL SCHOOL,Agbaja Offia Onwe,Izzi,,,
11/10/03/003,ISHIAJIM COMM. PRY. SCHOOL,Agbaja Offia Onwe,Izzi,,6.6527066,8.1808250
11/10/03/004,AKPARATA IBINA C.S.I,Agbaja Offia Onwe,Izzi,,6.6527066,8.1808250
11/10/03/005,AKPARATA IBINA II (NEW VIILAGE SQUARE),Agbaja Offia Onwe,Izzi,,6.6527066,8.1808250
11/10/03/006,IZENYI VILLAGE HALL,Agbaja Offia Onwe,Izzi,,6.6527066,8.1808250
11/10/03/007,NDIENYIAKA VILLAGE HALL,Agbaja Offia Onwe,Izzi,,6.6527066,8.1808250
11/10/03/008,NDIAWALA VILLAGE SQUARE,Agbaja Offia Onwe,Izzi,,6.6527066,8.1808250
11/10/03/009,ONUENYIM CENTRAL SCHOOL I,Agbaja Offia Onwe,Izzi,,6.6527066,8.1808250
11/10/03/010,ONUENYIM CENTRAL SCHOOL II (OBEGU OGBOJI),Agbaja Offia Onwe,Izzi,,6.3640105,8.3320438
11/10/03/011,ENYADULOGU VILLAGE SQUARE,Agbaja Offia Onwe,Izzi,,6.6527066,8.1808250
11/10/03/012,SUDAN UNITED MISSION HOSPITAL,Agbaja Offia Onwe,Izzi,,6.1480067,8.2765394
11/10/03/013,NDIMBAM MKT SQ.,Agbaja Offia Onwe,Izzi,,6.6527066,8.1808250
11/10/03/014,OFFIAONWE CENT. SCH. II,Agbaja Offia Onwe,Izzi,,6.4099793,8.2376813
11/10/03/015,ISHIAJIM COMM. PRI. SCH.,Agbaja Offia Onwe,Izzi,,6.6527066,8.1808250
11/10/03/016,AKPARATA IBINA III (NEW VIL SQ),Agbaja Offia Onwe,Izzi,,6.6527066,8.1808250
11/10/03/017,ABARIWE VIL SQ,Agbaja Offia Onwe,Izzi,,6.6527066,8.1808250
11/10/03/018,NDIENYIAKA VIL. HALL. II,Agbaja Offia Onwe,Izzi,,6.6527066,8.1808250
11/10/03/019,NDIAWALA VIL. SQ. II,Agbaja Offia Onwe,Izzi,,6.6527066,8.1808250
11/10/03/020,ONUENYIM CENT. SCH. III,Agbaja Offia Onwe,Izzi,,6.4099793,8.2376813
11/10/03/021,SUDAN UNITED MISSION HOSPITAL II,Agbaja Offia Onwe,Izzi,,6.1480067,8.2765394
11/10/04/001,EZZAGU PRIMARY SCHOOL,Ezza Inyimagu Igbuhu,Izzi,,6.4794379,8.2322355
11/10/04/002,IKENYI PRIMARY SCHOOL,Ezza Inyimagu Igbuhu,Izzi,,6.3175504,8.1163134
11/10/04/003,IGBUHU OTUMA PRIMARY SCHOOL,Ezza Inyimagu Igbuhu,Izzi,,6.3175504,8.1163134
11/10/04/004,NDIOROGBO VILLAGE SQUARE,Ezza Inyimagu Igbuhu,Izzi,,6.4794379,8.2322355
11/10/04/005,AGHARAOZAR VILLAGE HALL,Ezza Inyimagu Igbuhu,Izzi,,6.4794379,8.2322355
11/10/04/006,OMEGE VILLAGE HALL,Ezza Inyimagu Igbuhu,Izzi,,6.4794379,8.2322355
11/10/04/007,OKWOREKA VILLAGE HALL,Ezza Inyimagu Igbuhu,Izzi,,6.4794379,8.2322355
11/10/04/008,OTSUKPURU VILLAGE HALL,Ezza Inyimagu Igbuhu,Izzi,,6.4794379,8.2322355
11/10/04/009,NDIACHI VILLAGE I,Ezza Inyimagu Igbuhu,Izzi,,6.4794379,8.2322355
11/10/04/010,NDIACHI VILLAGE II,Ezza Inyimagu Igbuhu,Izzi,,6.4794379,8.2322355
11/10/04/011,NKPUMA VILLAGE HALL,Ezza Inyimagu Igbuhu,Izzi,,6.4794379,8.2322355
11/10/04/012,ENYIGWE CENTRAL SCHOOL,Ezza Inyimagu Igbuhu,Izzi,,6.4099793,8.2376813
11/10/04/013,EZZA OPFU I,Ezza Inyimagu Igbuhu,Izzi,,6.4794379,8.2322355
11/10/04/014,EZZA OPFU II,Ezza Inyimagu Igbuhu,Izzi,,6.4794379,8.2322355
11/10/04/015,NWANU MARKET SQUARE,Ezza Inyimagu Igbuhu,Izzi,,6.4794379,8.2322355
11/10/04/016,NGBEDE VILLAGE SQUARE,Ezza Inyimagu Igbuhu,Izzi,,6.4794379,8.2322355
11/10/04/017,OBEAGU IKENYI VILLAGE HALL,Ezza Inyimagu Igbuhu,Izzi,,6.4794379,8.2322355
11/10/04/018,AZUDA VILLAGE HALL,Ezza Inyimagu Igbuhu,Izzi,,6.4794379,8.2322355
11/10/04/019,NDIOKE VILLAGE HALL,Ezza Inyimagu Igbuhu,Izzi,,6.4794379,8.2322355
11/10/04/020,EZZAGU PRIMARY SCHOOL II,Ezza Inyimagu Igbuhu,Izzi,,6.3328407,8.1573691
11/10/04/021,IGBUHU OTUMA PRI. SCH. II,Ezza Inyimagu Igbuhu,Izzi,,6.3175504,8.1163134
11/10/04/022,IGBUHU OTUMA PRI. SCH III,Ezza Inyimagu Igbuhu,Izzi,,6.4794379,8.2322355
11/10/04/023,AGBARAOZAR VIL. HALL II,Ezza Inyimagu Igbuhu,Izzi,,6.4794379,8.2322355
11/10/04/024,OKWOREKA VIL. HALL. II,Ezza Inyimagu Igbuhu,Izzi,,6.6527066,8.1808250
11/10/04/025,OTSUKPURU VILLAGE HALL II,Ezza Inyimagu Igbuhu,Izzi,,6.4794379,8.2322355
11/10/04/026,EZZA OPFU III,Ezza Inyimagu Igbuhu,Izzi,,6.4794379,8.2322355
11/10/04/027,EZZA OPFU IV,Ezza Inyimagu Igbuhu,Izzi,,6.4794379,8.2322355
11/10/04/028,IBEPHU-ENU PRI. SCH.,Ezza Inyimagu Igbuhu,Izzi,,6.3255517,8.1287469
11/10/05/001,IGWELEDOHA VILLAGE HALL,Ezza Inyimagu - Igweledoha,Izzi,,6.2829253,7.9810845
11/10/05/002,NDIAMADI COMMUNITY SCHOOL,Ezza Inyimagu - Igweledoha,Izzi,,6.3640105,8.3320438
11/10/05/003,NDINWANGBA COMMUNITY SCHOOL,Ezza Inyimagu - Igweledoha,Izzi,,6.3640105,8.3320438
11/10/05/004,OBEGU NDINWANGBA,Ezza Inyimagu - Igweledoha,Izzi,,6.5636509,8.2541155
11/10/05/005,NDUNWIJE VILLAGE HALL,Ezza Inyimagu - Igweledoha,Izzi,,6.2829253,7.9810845
11/10/05/006,NDIOKEDA VILLAGE HALL,Ezza Inyimagu - Igweledoha,Izzi,,,
11/10/05/007,EFUNAGU VILLAGE HALL I,Ezza Inyimagu - Igweledoha,Izzi,,6.6527066,8.1808250
11/10/05/008,EFUNAGU VILLAGE HALL II,Ezza Inyimagu - Igweledoha,Izzi,,6.6527066,8.1808250
11/10/05/009,IGWELEDOHA VIL. HALL II,Ezza Inyimagu - Igweledoha,Izzi,,6.6577170,8.0772475
11/10/05/010,IGWELEDOHA VIL. HALL III,Ezza Inyimagu - Igweledoha,Izzi,,6.6527066,8.1808250
11/10/05/011,NDIAMADI COMMUNITY SCHOOL III,Ezza Inyimagu - Igweledoha,Izzi,,6.3640105,8.3320438
11/10/05/012,NDINWANGBA COMMUNITY SCH. II,Ezza Inyimagu - Igweledoha,Izzi,,6.3640105,8.3320438
11/10/05/013,NDIOKEDA VILLAGE HALL II,Ezza Inyimagu - Igweledoha,Izzi,,,
11/10/05/014,NDIOSHIA PRI. SCH,Ezza Inyimagu - Igweledoha,Izzi,,6.4099793,8.2376813
11/10/05/015,EFUNAGU VILLAGE HALL III,Ezza Inyimagu - Igweledoha,Izzi,,6.3301650,8.1000684
11/10/06/001,OBEGU NDIOGBAGA,Ezza Inyimagu - Iziogo,Izzi,,6.6695211,8.2541155
11/10/06/002,IZIOGO CENTRAL SCHOOL,Ezza Inyimagu - Iziogo,Izzi,,6.6450748,8.2049183
11/10/06/003,OFFIANKA VILLAGE HALL,Ezza Inyimagu - Iziogo,Izzi,,6.6527066,8.1808250
11/10/06/004,NDIOGBAGA OBASI CENTRAL SCHOOL,Ezza Inyimagu - Iziogo,Izzi,,6.4099793,8.2376813
11/10/06/005,UGBOENYIMOZAR VILLAGE HALL,Ezza Inyimagu - Iziogo,Izzi,,6.6527066,8.1808250
11/10/06/006,NDUBIA PRY. SCHL.,Ezza Inyimagu - Iziogo,Izzi,,6.6695211,8.2541155
11/10/06/007,NDINWOVU VILLAGE HALL,Ezza Inyimagu - Iziogo,Izzi,,6.6527066,8.1808250
11/10/06/008,NDIOBOKOTE VILLAGE HALL,Ezza Inyimagu - Iziogo,Izzi,,6.6527066,8.1808250
11/10/06/009,IZIOGO CENTRAL SCH. II,Ezza Inyimagu - Iziogo,Izzi,,6.6695211,8.2541155
11/10/06/010,IZIOGO CENTRAL SCH. III,Ezza Inyimagu - Iziogo,Izzi,,6.6695211,8.2541155
11/10/06/011,OFFIANKA VIL. HALL II,Ezza Inyimagu - Iziogo,Izzi,,6.6527066,8.1808250
11/10/06/012,OFFIANKA VIL. HALL III,Ezza Inyimagu - Iziogo,Izzi,,6.6527066,8.1808250
11/10/06/013,NDIOGBAGA OBASI CENTRAL SCH. II,Ezza Inyimagu - Iziogo,Izzi,,6.3797378,8.0370657
11/10/06/014,UGBOENYIMOZAR VILLAGE HALL II,Ezza Inyimagu - Iziogo,Izzi,,6.6527066,8.1808250
11/10/06/015,NDUBIA PRY. SCHL. II,Ezza Inyimagu - Iziogo,Izzi,,6.6695211,8.2541155
11/10/06/016,NDINWOVU VIL HALL II,Ezza Inyimagu - Iziogo,Izzi,,6.6527066,8.1808250
11/10/06/017,NDIOBOKOTE VILLAGE HALL II,Ezza Inyimagu - Iziogo,Izzi,,6.6527066,8.1808250
11/10/07/001,EGUEFI VILLAGE HALL,Ezza Inyimagu Ndiagu,Izzi,,6.5636509,8.2541155
11/10/07/002,ENWUAGBA VILLAGE HALL,Ezza Inyimagu Ndiagu,Izzi,,6.5636509,8.2541155
11/10/07/003,NDIATAM OFEREKPE VILLAGE HALL,Ezza Inyimagu Ndiagu,Izzi,,6.5636509,8.2541155
11/10/07/004,OCHOBUOZAR VILLAGE HALL,Ezza Inyimagu Ndiagu,Izzi,,6.6527066,8.1808250
11/10/07/005,OYEGE CENTRAL SCHOOL,Ezza Inyimagu Ndiagu,Izzi,,6.3640105,8.3320438
11/10/07/006,OGBAGHARU VILLAGE HALL,Ezza Inyimagu Ndiagu,Izzi,,6.2829253,7.9810845
11/10/07/007,OYEGE COMMUNITY SCHOOL I,Ezza Inyimagu Ndiagu,Izzi,,6.3640105,8.3320438
11/10/07/008,OYEGE COMMUNITY SCHOOL II,Ezza Inyimagu Ndiagu,Izzi,,6.3640105,8.3320438
11/10/07/009,OVUDUECHI MARKET SQUARE,Ezza Inyimagu Ndiagu,Izzi,,6.5636509,8.2541155
11/10/07/010,NDIEZOKE PRIMARY SCHOOL,Ezza Inyimagu Ndiagu,Izzi,,6.3345945,8.0909439
11/10/07/011,NDINWASHIMOKO VILLAGE SQUARE,Ezza Inyimagu Ndiagu,Izzi,,6.5636509,8.2541155
11/10/07/012,NDIEPETE VILLAGE SQUARE,Ezza Inyimagu Ndiagu,Izzi,,6.5636509,8.2541155
11/10/07/013,NDIATAM OFEREKPE VIL. HALL II,Ezza Inyimagu Ndiagu,Izzi,,6.5636509,8.2541155
11/10/07/014,OYEGE COMMUNITY SCHOOL III,Ezza Inyimagu Ndiagu,Izzi,,6.3640105,8.3320438
11/10/07/015,OVUDUECHI MARKET SQUARE II,Ezza Inyimagu Ndiagu,Izzi,,6.5636509,8.2541155
11/10/08/001,AMUZU IGBEAGU VILLAGE HALL I,Igbeagu Nduogbu,Izzi,,6.5367195,8.2850402
11/10/08/002,AMUZU IGBEAGU VILLAGE HALL II,Igbeagu Nduogbu,Izzi,,6.5367195,8.2850402
11/10/08/003,NDUKABI IGBEAGU I.C.S.,Igbeagu Nduogbu,Izzi,,6.3527923,8.2322355
11/10/08/004,NDIOGBU MARKET SQ. IGBEAGU,Igbeagu Nduogbu,Izzi,,6.5367195,8.2850402
11/10/08/005,OFFIANKWU VILLAGE HALL,Igbeagu Nduogbu,Izzi,,,
11/10/08/006,ODODOKPA VILLAGE SQUARE,Igbeagu Nduogbu,Izzi,,6.5367195,8.2850402
11/10/08/007,NDINKWUDA PRIMARY SCHOOL,Igbeagu Nduogbu,Izzi,,6.3228432,8.1978177
11/10/08/008,NDINKWUDA MARKET SQUARE,Igbeagu Nduogbu,Izzi,,6.5367195,8.2850402
11/10/08/009,IGWELEDOHA PRIMARY SCHOOL,Igbeagu Nduogbu,Izzi,,6.3640105,8.3320438
11/10/08/010,MBAMINI VILLAGE HALL,Igbeagu Nduogbu,Izzi,,6.3281443,8.1041807
11/10/08/011,NDIDOKO PRIMARY SCH.,Igbeagu Nduogbu,Izzi,,6.3640105,8.3320438
11/10/08/012,NDIGWE PRIMARY SCHOOL,Igbeagu Nduogbu,Izzi,,6.3640105,8.3320438
11/10/08/013,NDIDOKO COMMUNITY PRIMARY SCHOOL,Igbeagu Nduogbu,Izzi,,6.3640105,8.3320438
11/10/08/014,SPECIAL SCIENCE SCH. IGBEAGU,Igbeagu Nduogbu,Izzi,,6.3228432,8.1978177
11/10/08/015,AMUZU IGBEAGU VILLAGE HALL II,Igbeagu Nduogbu,Izzi,,6.5367195,8.2850402
11/10/08/016,OFFIANKWU VILLAGE HALL II,Igbeagu Nduogbu,Izzi,,,
11/10/08/017,EDUKWU IGWE VIL. SQ.,Igbeagu Nduogbu,Izzi,,6.3527923,8.2322355
11/10/08/018,NDIGWE PRI. SCH. II,Igbeagu Nduogbu,Izzi,,6.3640105,8.3320438
11/10/09/001,NDIOFUTU VILLAGE SQUARE,Igbeagu Ndi Ettah,Izzi,,6.5367195,8.2850402
11/10/09/002,NDIECHI ONUEBONYI PRIMARY SCHOOL,Igbeagu Ndi Ettah,Izzi,,6.3640105,8.3320438
11/10/09/003,NCHOKO VILLAGE SQUARE,Igbeagu Ndi Ettah,Izzi,,6.5367195,8.2850402
11/10/09/004,OGUZORONWEYA PRIMARY SCHOOL,Igbeagu Ndi Ettah,Izzi,,6.3640105,8.3320438
11/10/09/005,JUNCTION PRIMARY SCHOOL,Igbeagu Ndi Ettah,Izzi,,6.3295744,8.2665960
11/10/09/006,NDIETTA VILLAGE,Igbeagu Ndi Ettah,Izzi,,6.3299624,8.3417006
11/10/09/007,NDIALOBO VILLAGE HALL,Igbeagu Ndi Ettah,Izzi,,6.6527066,8.1808250
11/10/09/008,ALIBARUHU VILLAGE HALL,Igbeagu Ndi Ettah,Izzi,,6.3299624,8.3417006
11/10/09/009,OFEREKPE PRIMARY SCHOOL I,Igbeagu Ndi Ettah,Izzi,,6.3242256,8.1117028
11/10/09/010,OFEREKPE PRIMARY SCHOOL II,Igbeagu Ndi Ettah,Izzi,,6.3242256,8.1117028
11/10/09/011,OKWATA PRIMARY SCHOOL,Igbeagu Ndi Ettah,Izzi,,6.3640105,8.3320438
11/10/09/012,OCHAFU PRIMARY SCHOOL,Igbeagu Ndi Ettah,Izzi,,6.3640105,8.3320438
11/10/09/013,NDIEZOKE PRIMARY SCHOOL I,Igbeagu Ndi Ettah,Izzi,,6.3640105,8.3320438
11/10/09/014,NDIEZOKE PRIMARY SCHOOL II,Igbeagu Ndi Ettah,Izzi,,6.3137096,8.1075132
11/10/09/015,ACHACHA PRIMARY SCHOOL I,Igbeagu Ndi Ettah,Izzi,,6.3640105,8.3320438
11/10/09/016,ACHACHA PRIMARY SCHOOL II,Igbeagu Ndi Ettah,Izzi,,6.3640105,8.3320438
11/10/09/017,NDIECHI NDIAGU PRIMARY SCHOOL,Igbeagu Ndi Ettah,Izzi,,6.3640105,8.3320438
11/10/09/018,EDUKWU MEETING,Igbeagu Ndi Ettah,Izzi,,6.3228432,8.1978177
11/10/09/019,EDUFFU OBEGU VIL. SQ.,Igbeagu Ndi Ettah,Izzi,,6.5367195,8.2850402
11/10/09/020,NCHOKO VIL SQ. II,Igbeagu Ndi Ettah,Izzi,,6.5367195,8.2850402
11/10/09/021,EDUKWU EREKE V/S,Igbeagu Ndi Ettah,Izzi,,6.5367195,8.2850402
11/10/09/022,NDIAKPURATA OGUZORONWEYA MKT. SQ.,Igbeagu Ndi Ettah,Izzi,,6.5367195,8.2850402
11/10/10/001,ECHINDU PRI. SCH. I,Igbeagu III,Izzi,,6.5367195,8.2850402
11/10/10/002,ODARIKO COMMUNITY SCHOOL I,Igbeagu III,Izzi,,6.3640105,8.3320438
11/10/10/003,ODARIKO COMMUNITY SCHOOL II,Igbeagu III,Izzi,,6.3640105,8.3320438
11/10/10/004,NDIUBIA VILLAGE SQUARE,Igbeagu III,Izzi,,6.5367195,8.2850402
11/10/10/005,NDIAKPURATA NDIEGU VILLAGE HALL,Igbeagu III,Izzi,,6.5367195,8.2850402
11/10/10/006,NWAKPU MARKET HALL,Igbeagu III,Izzi,,6.1568987,8.1398207
11/10/10/007,OGBODO NDIEGU MARKET HALL,Igbeagu III,Izzi,,6.5367195,8.2850402
11/10/10/008,NDIAKPURATA NDIEBOR,Igbeagu III,Izzi,,6.5367195,8.2850402
11/10/10/009,OJIEGBE PRIMARY SCHOOL,Igbeagu III,Izzi,,6.3640105,8.3320438
11/10/10/010,OGBODO NDIEBOR CAMP,Igbeagu III,Izzi,,6.5367195,8.2850402
11/10/10/011,NDIEKUMA VILLAGE SQUARE,Igbeagu III,Izzi,,6.5367195,8.2850402
11/10/10/012,ECHINDU PRIMARY SCHOOL II,Igbeagu III,Izzi,,6.3640105,8.3320438
11/10/10/013,OKPOKOROKO MKT SQ,Igbeagu III,Izzi,,6.4069668,8.2266024
11/10/10/014,AZUDA JUNCTION BOREHOL,Igbeagu III,Izzi,,6.5367195,8.2850402
11/10/10/015,ODODOKPA NDIUKPA MKT SQ,Igbeagu III,Izzi,,6.4069668,8.2266024
11/10/10/016,NDUBIA VIL. SQ. IMENDEBOR,Igbeagu III,Izzi,,6.5367195,8.2850402
11/10/10/017,OJIEGBE PRI SCH. CAMPUS II,Igbeagu III,Izzi,,6.3640105,8.3320438
11/10/10/018,OGBODO IPHUIGWE VIL. HALL,Igbeagu III,Izzi,,6.5367195,8.2850402
11/10/10/019,NKWUDA EKORI MKT SQ,Igbeagu III,Izzi,,6.5367195,8.2850402
11/10/10/020,AKPAPFU PRI. SCH.,Igbeagu III,Izzi,,6.3640105,8.3320438
11/10/10/021,OLA-ILUM VIL. HALL,Igbeagu III,Izzi,,6.5367195,8.2850402
11/10/10/022,EDUPFUZASHI MKT SQ,Igbeagu III,Izzi,,6.5367195,8.2850402
11/10/10/023,MGBERE MKT SQ,Igbeagu III,Izzi,,6.5367195,8.2850402
11/10/10/024,OKUMENYI PRI. SCH,Igbeagu III,Izzi,,6.3640105,8.3320438
11/10/11/001,INYIMAGU CENTRAL SCHOOL IBOKO I,Mgbalaukwu Inyimagu I,Izzi,,,
11/10/11/002,INYIMAGU CENTRAL SCHOOL IBOKO II,Mgbalaukwu Inyimagu I,Izzi,,6.4099793,8.2376813
11/10/11/003,AGBENYIM NDIABOR,Mgbalaukwu Inyimagu I,Izzi,,6.2977387,8.0903941
11/10/11/004,OBEGU ONWEONWIYA MARKET SQUARE,Mgbalaukwu Inyimagu I,Izzi,,6.4069668,8.2266024
11/10/11/005,OSEBI VILLAGE SQUARE,Mgbalaukwu Inyimagu I,Izzi,,6.5367195,8.2850402
11/10/11/006,INYIRIGBADA VILLAGE SQUARE,Mgbalaukwu Inyimagu I,Izzi,,6.5367195,8.2850402
11/10/11/007,ONWEONWIYA VILLAGE SQUARE,Mgbalaukwu Inyimagu I,Izzi,,6.1232328,8.0883510
11/10/11/008,AMODA PRIMARY SCHOOL,Mgbalaukwu Inyimagu I,Izzi,,6.3175504,8.1163134
11/10/11/009,AWAFIA OPEFIA VILLAGE HALL,Mgbalaukwu Inyimagu I,Izzi,,6.5367195,8.2850402
11/10/11/010,NDIEDEGBE PRIMARY SCHOOL,Mgbalaukwu Inyimagu I,Izzi,,6.3234095,8.1221436
11/10/11/011,PAPA OKEYE JUNCTION (AFTER MTN MASK),Mgbalaukwu Inyimagu I,Izzi,,5.8097643,8.0826116
11/10/11/012,EDUPFU AGBENYIM (ONUOGUZO OKEYE),Mgbalaukwu Inyimagu I,Izzi,,6.1158261,8.1651898
11/10/11/013,EDUKWU UWAKWE,Mgbalaukwu Inyimagu I,Izzi,,6.3859518,8.0114112
11/10/11/014,IBOKO CENT. SCH. III,Mgbalaukwu Inyimagu I,Izzi,,6.4099793,8.2376813
11/10/11/015,ORU JUNCTION,Mgbalaukwu Inyimagu I,Izzi,,6.5367195,8.2850402
11/10/11/016,NDIOBUM VIL SQ,Mgbalaukwu Inyimagu I,Izzi,,6.5367195,8.2850402
11/10/11/017,NKWOMEYA VIL. SQ.,Mgbalaukwu Inyimagu I,Izzi,,6.1232328,8.0883510
11/10/11/018,COMMUNITY SEC SCH ONWEONWIYA,Mgbalaukwu Inyimagu I,Izzi,,6.3640105,8.3320438
11/10/11/019,ONYRIGBO VIL. SQ,Mgbalaukwu Inyimagu I,Izzi,,6.5367195,8.2850402
11/10/11/020,COMMUNITY SCH. ONWEONWEYA,Mgbalaukwu Inyimagu I,Izzi,,6.3234681,8.0479004
11/10/11/021,AWAFIA OPEFIA VIL. HALL II,Mgbalaukwu Inyimagu I,Izzi,,6.6527066,8.1808250
11/10/11/022,NDINWEZUMA VIL. SQ,Mgbalaukwu Inyimagu I,Izzi,,6.5367195,8.2850402
11/10/12/001,EDENYIEKA VILLAGE HALL,Mgbalaukwu Inyimagu II,Izzi,,6.1232328,8.0883510
11/10/12/002,OKPODUMA C.S. I,Mgbalaukwu Inyimagu II,Izzi,,6.0301920,8.2390040
11/10/12/003,OKPODUMA C.S. II,Mgbalaukwu Inyimagu II,Izzi,,6.1232328,8.0883510
11/10/12/004,OMINYI PRIMARY SCHOOL,Mgbalaukwu Inyimagu II,Izzi,,6.1232328,8.0883510
11/10/12/005,NDIWIKWE VILLAGE HALL,Mgbalaukwu Inyimagu II,Izzi,,6.0301920,8.2390040
11/10/12/006,NDINGELE CENTRAL SCHOOL SCHOOL I,Mgbalaukwu Inyimagu II,Izzi,,6.3234681,8.0479004
11/10/12/007,NDINGELE CENTRAL SCHOOL SCHOOL II,Mgbalaukwu Inyimagu II,Izzi,,6.3234681,8.0479004
11/10/12/008,NDIOGODO VILLAGE HALL,Mgbalaukwu Inyimagu II,Izzi,,6.1232328,8.0883510
11/10/12/009,NDIEWUOGO VILLAGE HALL,Mgbalaukwu Inyimagu II,Izzi,,6.1232328,8.0883510
11/10/12/010,NKUMORO VILLAGE HALL I,Mgbalaukwu Inyimagu II,Izzi,,6.1232328,8.0883510
11/10/12/011,NKUMORO VILLAGE HALL II,Mgbalaukwu Inyimagu II,Izzi,,,
11/10/12/012,EZEAKATAKA VILLAGE HALL,Mgbalaukwu Inyimagu II,Izzi,,6.0301920,8.2390040
11/10/12/013,UGBOENYIM OMINYI MKT SQ,Mgbalaukwu Inyimagu II,Izzi,,6.1232328,8.0883510
11/10/12/014,NDIENWUOGU VIL HALL II,Mgbalaukwu Inyimagu II,Izzi,,6.1232328,8.0883510
11/10/13/001,MGBABELUZOR VILLAGE HALL,Ndieze Inyimagu Mgbabeluzor,Izzi,,,
11/10/13/002,MKPUMA AKWAOKUKU I,Ndieze Inyimagu Mgbabeluzor,Izzi,,6.0301920,8.2390040
11/10/13/003,MKPUMA AKWAOKUKU II,Ndieze Inyimagu Mgbabeluzor,Izzi,,6.1232328,8.0883510
11/10/13/004,OTAM IZEKWE VILLAGE HALL,Ndieze Inyimagu Mgbabeluzor,Izzi,,,
11/10/13/005,IZENYI COMMUNITY SCHOOL,Ndieze Inyimagu Mgbabeluzor,Izzi,,6.3797378,8.0370657
11/10/13/006,OTAM COMMUNITY SCHOOL I,Ndieze Inyimagu Mgbabeluzor,Izzi,,,
11/10/13/007,OTAM COMMUNITY SCHOOL II,Ndieze Inyimagu Mgbabeluzor,Izzi,,,
11/10/13/008,IZALEME COMMUNITY SCHOOL,Ndieze Inyimagu Mgbabeluzor,Izzi,,6.3797378,8.0370657
11/10/13/009,AMACHARA INDIAKAM VILLAGE HALL,Ndieze Inyimagu Mgbabeluzor,Izzi,,6.1232328,8.0883510
11/10/13/010,OPHUNE VILLAGE HALL,Ndieze Inyimagu Mgbabeluzor,Izzi,,6.5367195,8.2850402
11/10/13/011,OLUA MARKET SQUARE,Ndieze Inyimagu Mgbabeluzor,Izzi,,,
11/10/13/012,MGBABELUZOR PRI. SCH.,Ndieze Inyimagu Mgbabeluzor,Izzi,,6.5417773,8.2978951
11/10/13/013,BONY MKT SQ.,Ndieze Inyimagu Mgbabeluzor,Izzi,,6.5367195,8.2850402
11/10/13/014,NDIEJI NDIEZE PRI SCH,Ndieze Inyimagu Mgbabeluzor,Izzi,,6.3137727,8.1120990
11/10/13/015,NDEGU ITSU PRI. SCH.,Ndieze Inyimagu Mgbabeluzor,Izzi,,6.5417773,8.2978951
11/10/13/016,UNITY PRI. SCH. OTAM,Ndieze Inyimagu Mgbabeluzor,Izzi,,6.3498196,8.0613020
11/10/13/017,NDIOBOVU MKT. SQ.,Ndieze Inyimagu Mgbabeluzor,Izzi,,6.5367195,8.2850402
11/10/14/001,ENYIBICHIRI VILLAGE HALL,Ndieze Inyimagu II Ndiabor Ishiagu,Izzi,,,
11/10/14/002,MGBABOR VILLAGE HALL,Ndieze Inyimagu II Ndiabor Ishiagu,Izzi,,,
11/10/14/003,NDIEZE HEALTH CENTRE,Ndieze Inyimagu II Ndiabor Ishiagu,Izzi,,6.3942761,8.2760021
11/10/14/004,AMAGU ENYIM C.S,Ndieze Inyimagu II Ndiabor Ishiagu,Izzi,,6.3942761,8.2760021
11/10/14/005,WAKA CENTRAL SCHOOL,Ndieze Inyimagu II Ndiabor Ishiagu,Izzi,,6.3234681,8.0479004
11/10/14/006,NDIOZIO MARKET SQUARE,Ndieze Inyimagu II Ndiabor Ishiagu,Izzi,,6.1232328,8.0883510
11/10/14/007,UTSENYIM CENTRAL SCHOOL,Ndieze Inyimagu II Ndiabor Ishiagu,Izzi,,6.3234681,8.0479004
11/10/14/008,NKUMORO CENTRAL SCHOOL,Ndieze Inyimagu II Ndiabor Ishiagu,Izzi,,6.3234681,8.0479004
11/10/14/009,EKEBELIGWE VILLAGE HALL,Ndieze Inyimagu II Ndiabor Ishiagu,Izzi,,,
11/10/14/010,IZICHA PRIMARY SCHOOL,Ndieze Inyimagu II Ndiabor Ishiagu,Izzi,,6.3234681,8.0479004
11/10/14/011,COURT HALL IBOKO I,Ndieze Inyimagu II Ndiabor Ishiagu,Izzi,,6.6527066,8.1808250
11/10/14/012,COURT HALL IBOKO II,Ndieze Inyimagu II Ndiabor Ishiagu,Izzi,,6.6527066,8.1808250
11/10/14/013,MBAM OMEANU,Ndieze Inyimagu II Ndiabor Ishiagu,Izzi,,6.3942761,8.2760021
11/10/14/014,NDIABOR ISHAIGU C/S I,Ndieze Inyimagu II Ndiabor Ishiagu,Izzi,,6.3942761,8.2760021
11/10/14/015,NDIABOR ISHAIGU C/S II,Ndieze Inyimagu II Ndiabor Ishiagu,Izzi,,6.3942761,8.2760021
11/10/14/016,OHAGELODE VILLAGE HALL,Ndieze Inyimagu II Ndiabor Ishiagu,Izzi,,,
11/10/14/017,NDIOGBU MARKET SQUARE,Ndieze Inyimagu II Ndiabor Ishiagu,Izzi,,6.1232328,8.0883510
11/10/14/018,OFFIA OKUM VILLAGE SQUARE,Ndieze Inyimagu II Ndiabor Ishiagu,Izzi,,,
11/10/14/019,OFFIA OKUM PRIMARY SCHOOL,Ndieze Inyimagu II Ndiabor Ishiagu,Izzi,,,
11/10/14/020,OHA GELODE PRIMARY SCHOOL,Ndieze Inyimagu II Ndiabor Ishiagu,Izzi,,,
11/10/14/021,NDIERUKWU PRI. SCH.,Ndieze Inyimagu II Ndiabor Ishiagu,Izzi,,6.3234681,8.0479004
11/10/14/022,NDIAKPURATA VIL SQ.,Ndieze Inyimagu II Ndiabor Ishiagu,Izzi,,6.1232328,8.0883510
11/10/14/023,AGUKOBOKU MKT SQ.,Ndieze Inyimagu II Ndiabor Ishiagu,Izzi,,6.1232328,8.0883510
11/10/14/024,NWOLOSHI MKT SQ,Ndieze Inyimagu II Ndiabor Ishiagu,Izzi,,6.1232328,8.0883510
11/10/14/025,OHAGEWAKA MKT SQ,Ndieze Inyimagu II Ndiabor Ishiagu,Izzi,,6.1232328,8.0883510
11/10/14/026,AZUABE MKT SQ. II,Ndieze Inyimagu II Ndiabor Ishiagu,Izzi,,6.1232328,8.0883510
11/10/14/027,AZUABE MKPORUME MKT SQ.,Ndieze Inyimagu II Ndiabor Ishiagu,Izzi,,6.1232328,8.0883510
11/10/14/028,ALIOMA JUNC. AKEB ELIGWE,Ndieze Inyimagu II Ndiabor Ishiagu,Izzi,,6.1232328,8.0883510
11/10/14/029,COURT HALL IBOKO III,Ndieze Inyimagu II Ndiabor Ishiagu,Izzi,,,
11/10/14/030,IKELEGU PRI. SCH.,Ndieze Inyimagu II Ndiabor Ishiagu,Izzi,,6.3234681,8.0479004
11/10/14/031,ONUEGU MKT SQ.,Ndieze Inyimagu II Ndiabor Ishiagu,Izzi,,6.1232328,8.0883510
11/10/14/032,EDUPFU NWAKPA P/G,Ndieze Inyimagu II Ndiabor Ishiagu,Izzi,,6.1232328,8.0883510
11/10/14/033,NDIADZA P/G,Ndieze Inyimagu II Ndiabor Ishiagu,Izzi,,6.1232328,8.0883510
11/10/14/034,OSWA IGBAKPO P/G,Ndieze Inyimagu II Ndiabor Ishiagu,Izzi,,6.1232328,8.0883510
11/10/14/035,NDIABOR ISHIAGU C/S III,Ndieze Inyimagu II Ndiabor Ishiagu,Izzi,,6.3942761,8.2760021
11/10/14/036,EGUBA NDIOGBU JUNCTION,Ndieze Inyimagu II Ndiabor Ishiagu,Izzi,,6.1232328,8.0883510
11/11/01/001,ISI-UZOR PRIMARY SCHOOL,Amaechi Okposi,Ohaozara,,5.9958016,7.8567696
11/11/01/002,AFOR-AMENU MARKET SQUARE,Amaechi Okposi,Ohaozara,,6.0053700,7.8507963
11/11/01/003,ONU EZUKU NWAKPU AGWU,Amaechi Okposi,Ohaozara,,6.0344099,7.8214697
11/11/01/004,AKPARATA MARKET SQUARE,Amaechi Okposi,Ohaozara,,5.9798434,7.8612767
11/11/01/005,AMECHI PRIMARY SCHOOL,Amaechi Okposi,Ohaozara,,6.0200437,7.8490448
11/11/01/006,UMUOKA PRIMARY SCHOOL,Amaechi Okposi,Ohaozara,,6.0262747,7.8553963
11/11/01/007,ONU AKPARATA PLAY GROUND,Amaechi Okposi,Ohaozara,,5.9939140,7.8812320
11/11/01/008,COMMUNITY PRIMARY SCHOOL UMUNUKA,Amaechi Okposi,Ohaozara,,6.0022890,7.8478432
11/11/01/009,ONU AFOR MARKET SQUARE,Amaechi Okposi,Ohaozara,,6.0060361,7.7821834
11/11/01/010,ENU OGUDU P/G,Amaechi Okposi,Ohaozara,,5.9798434,7.8612767
11/11/01/011,ONU OGWE MARKET SQUARE,Amaechi Okposi,Ohaozara,,6.0344099,7.8214697
11/11/01/012,COMMUNITY TOWN HALL UMUKA,Amaechi Okposi,Ohaozara,,6.0475260,7.8601000
11/11/01/013,ONU NKWOVIA PLAY GROUND,Amaechi Okposi,Ohaozara,,5.9939140,7.8812320
11/11/01/014,ONU IBOM MKT SQ.,Amaechi Okposi,Ohaozara,,6.0344099,7.8214697
11/11/01/015,ONU NWUMA SQUARE,Amaechi Okposi,Ohaozara,,6.0344099,7.8214697
11/11/02/001,EZUKU EBEM PLAY GROUND I,Ene- Na - Ezeraku,Ohaozara,,5.8851174,7.9475446
11/11/02/002,EZUKU EBEM PLAY GROUND II,Ene- Na - Ezeraku,Ohaozara,,5.8312737,7.9282347
11/11/02/003,NWAENIENI PLAY GROUND,Ene- Na - Ezeraku,Ohaozara,,5.8312737,7.9282347
11/11/02/004,NGAMGBO NWANOKE PLAY GROUND,Ene- Na - Ezeraku,Ohaozara,,5.8312737,7.9282347
11/11/02/005,AMENE TOWN HALL,Ene- Na - Ezeraku,Ohaozara,,6.0469473,7.7552517
11/11/02/006,NWEKE OGAMGBO,Ene- Na - Ezeraku,Ohaozara,,6.0344099,7.8214697
11/11/02/007,EZUKU EBEM P/G III,Ene- Na - Ezeraku,Ohaozara,,6.3859518,8.0114112
11/11/02/008,EZUKU EBEM P/G IV,Ene- Na - Ezeraku,Ohaozara,,6.3859518,8.0114112
11/11/02/009,EZUKU NWANGBOM MKT SQ,Ene- Na - Ezeraku,Ohaozara,,6.0469497,7.7552606
11/11/02/010,ENE-NA-EZERAKU COMM. PRI. SCH.,Ene- Na - Ezeraku,Ohaozara,,6.3859518,8.0114112
11/11/02/011,EZUKU EZE NWAKUMA AMENE PLAY GROUND,Ene- Na - Ezeraku,Ohaozara,,5.8851174,7.9475446
11/11/03/001,MGBOM CENTRAL SCHOOL,Mgbom Okposi,Ohaozara,,6.0154420,7.8002850
11/11/03/002,IKWUANO PRIMARY SCHOOL,Mgbom Okposi,Ohaozara,,6.0380538,7.8269863
11/11/03/003,OKPOSI COURT PREMISES,Mgbom Okposi,Ohaozara,,6.0342768,7.8207636
11/11/03/004,OBIOHA PRIMARY SCHOOL,Mgbom Okposi,Ohaozara,,6.0307132,7.8315353
11/11/03/005,EKE MARKET SQUARE,Mgbom Okposi,Ohaozara,,6.2176439,7.7652014
11/11/03/006,AKPAMAKA PLAY GROUND,Mgbom Okposi,Ohaozara,,6.0264886,7.8153374
11/11/03/007,ENUOGURUGWU PLAY GROUND,Mgbom Okposi,Ohaozara,,5.9908490,7.7901550
11/11/03/008,AVIA EVUTA SQUARE,Mgbom Okposi,Ohaozara,,6.0344099,7.8214697
11/11/03/009,OGWE AMAEGU,Mgbom Okposi,Ohaozara,,6.0344099,7.8214697
11/11/03/010,ACHIOMA PLAY GROUND,Mgbom Okposi,Ohaozara,,6.0168854,7.8226948
11/11/03/011,OBIAGU EZUKU OKORIE,Mgbom Okposi,Ohaozara,,6.0344099,7.8214697
11/11/03/012,ONU OGWU MEBIOWA VILLAGE SQUARE,Mgbom Okposi,Ohaozara,,6.0344099,7.8214697
11/11/03/013,OGBU OMA MGBOM VILLAGE SQUARE,Mgbom Okposi,Ohaozara,,6.0606640,7.8522020
11/11/03/014,GOVT FIELD OKPOSI,Mgbom Okposi,Ohaozara,,6.0336947,7.8202550
11/11/03/015,EGBO P/G,Mgbom Okposi,Ohaozara,,6.0344099,7.8214697
11/11/03/016,MEBIOKPA/AMEKE PRIMARY SCHOOL,Mgbom Okposi,Ohaozara,,6.0307132,7.8315353
11/11/03/017,OGWE ONU EZUKU OKORO NWOKE,Mgbom Okposi,Ohaozara,,6.0344099,7.8214697
11/11/03/018,UGBOKAMMA P/G AMEKE,Mgbom Okposi,Ohaozara,,6.0344099,7.8214697
11/11/03/019,OGWE OBUEGU ONU EZUKU ONUAH P/G,Mgbom Okposi,Ohaozara,,6.0344099,7.8214697
11/11/03/020,OGWE ABOSHI AMATA SQUARE,Mgbom Okposi,Ohaozara,,6.0344099,7.8214697
11/11/04/001,UBURU CENTRAL SCHOOL,Obiozara,Ohaozara,,6.0442846,7.7563477
11/11/04/002,OLD MARKET SQUARE,Obiozara,Ohaozara,,6.0469497,7.7552606
11/11/04/003,NEW MARKET SQUARE,Obiozara,Ohaozara,,6.0506807,7.7410939
11/11/04/004,ISHIEKE VILLAGE SQUARE,Obiozara,Ohaozara,,6.3850252,8.0274274
11/11/04/005,UPE SCHOOL AMATA,Obiozara,Ohaozara,,5.8963900,7.9410554
11/11/04/006,UBURU CUSTOMARY COURT,Obiozara,Ohaozara,,6.0469473,7.7552517
11/11/04/007,OBIOZARA CITY COMMERCIAL SCHOOL,Obiozara,Ohaozara,,6.0478590,7.7732490
11/11/04/008,UMUOBASI HALL I,Obiozara,Ohaozara,,,
11/11/04/009,UMUOBASI HALL II,Obiozara,Ohaozara,,6.0447967,7.7514553
11/11/04/010,IVUOGWU VILLAGE SQUARE,Obiozara,Ohaozara,,6.0344099,7.8214697
11/11/04/011,AJA AMAEZE MARKET SQAURE,Obiozara,Ohaozara,,5.9608600,7.5511260
11/11/04/012,COMMUNITY HIGH SCHOOL UBURU,Obiozara,Ohaozara,,6.0469499,7.7552602
11/11/04/013,ONU - UNOUKORO VILLAGE SQUARE,Obiozara,Ohaozara,,6.0469473,7.7552517
11/11/04/014,ONU NMAHI AGU VILLAGE SQUARE,Obiozara,Ohaozara,,6.0469473,7.7552517
11/11/04/015,ISHIEKE VILLAGE SQUARE II,Obiozara,Ohaozara,,6.3797378,8.0370657
11/11/04/016,ONU OGBOROMA PLAY GROUND,Obiozara,Ohaozara,,5.9939140,7.8812320
11/11/05/001,UMUAKUMA PRIMARY SCHOOL,Okposi Achara,Ohaozara,,6.0056181,7.8335953
11/11/05/002,ACHARA PLAY GROUND,Okposi Achara,Ohaozara,,6.0327410,7.8092290
11/11/05/003,AKPAMAKA PLAY GROUND,Okposi Achara,Ohaozara,,6.0264886,7.8153374
11/11/05/004,EZUKU AGBI PLAY GROUND,Okposi Achara,Ohaozara,,5.9915150,7.7675920
11/11/05/005,AFIA NWEGBU SQUARE,Okposi Achara,Ohaozara,,,
11/11/05/006,COURT AREA MARKET SQUARE,Okposi Achara,Ohaozara,,6.0342768,7.8207636
11/11/05/007,OJIGWE MARKET SQUARE I,Okposi Achara,Ohaozara,,6.0344099,7.8214697
11/11/05/008,OJIGWE MARKET SQUARE II,Okposi Achara,Ohaozara,,6.0060361,7.7821834
11/11/05/009,OKPOSI ACHARA TOWN HALL,Okposi Achara,Ohaozara,,5.9813883,7.7525352
11/11/05/010,GOVT REST HOUSE ISINKWO,Okposi Achara,Ohaozara,,5.8270716,7.8615327
11/11/05/011,OGWE OKORO NWANNENWA PLAY GROUND,Okposi Achara,Ohaozara,,6.0327410,7.8092290
11/11/05/012,ODIDAOYO OLD PARK,Okposi Achara,Ohaozara,,6.0342768,7.8207636
11/11/05/013,OBIAGU MGBOM 'N' ACHARA PRIMARY SCHOOL,Okposi Achara,Ohaozara,,6.0324594,7.8503951
11/11/06/001,EZUKU AGU TOWN HALL I,Okposi Okwu,Ohaozara,,6.0535027,7.7990055
11/11/06/002,EZUKU AGU TOWN HALL II,Okposi Okwu,Ohaozara,,6.0535027,7.7990055
11/11/06/003,IZUOGU PLAY GROUND,Okposi Okwu,Ohaozara,,6.0382200,7.7789210
11/11/06/004,AMAJI PLAY GROUIND,Okposi Okwu,Ohaozara,,6.0347370,7.7918600
11/11/06/005,OBODO-OMA PLAY GROUND,Okposi Okwu,Ohaozara,,6.0294299,7.7903360
11/11/06/006,AGABENYIM PLAY GROUND,Okposi Okwu,Ohaozara,,6.0327410,7.8092290
11/11/06/007,CENTRAL SCHOOL OKPOSI OKWU I,Okposi Okwu,Ohaozara,,6.0314334,7.8014088
11/11/06/008,CENTRAL SCHOOL OKPOSI OKWU II,Okposi Okwu,Ohaozara,,6.0314334,7.8014088
11/11/06/009,AKANU PLAY GROUND,Okposi Okwu,Ohaozara,,6.0233770,7.7763460
11/11/06/010,OVU OFFIA PLAY GROUND,Okposi Okwu,Ohaozara,,6.0388280,7.8438050
11/11/06/011,UGONI TOWN HALL,Okposi Okwu,Ohaozara,,6.0519715,7.8150804
11/11/06/012,AMOJA TOWN HALL,Okposi Okwu,Ohaozara,,6.0418093,7.8197765
11/11/06/013,ENECHI AKUMA MEMO. PRI. SCH.,Okposi Okwu,Ohaozara,,6.0324594,7.8503951
11/11/06/014,OGUDU ICHIKARA VILLAGE SQUARE,Okposi Okwu,Ohaozara,,6.0342768,7.8207636
11/11/06/015,ODEGE VILLAGE SQUARE,Okposi Okwu,Ohaozara,,6.0342214,7.8191196
11/11/06/016,ENUGWU OKPOSI OKWU VILLAGE SQUARE,Okposi Okwu,Ohaozara,,6.0489114,7.8014482
11/11/06/017,AMAECHI OKPOSI OKWU TOWN HALL,Okposi Okwu,Ohaozara,,6.0489114,7.8014482
11/11/06/018,OGOACHI ENUEGU VILLAGE SQUARE,Okposi Okwu,Ohaozara,,6.0344099,7.8214697
11/11/06/019,NNECHI / UKPAH TOWN HALL,Okposi Okwu,Ohaozara,,6.0535027,7.7990055
11/11/06/020,OGBUENU PLAY GROUND,Okposi Okwu,Ohaozara,,6.0327410,7.8092290
11/11/06/021,ENUNWOBASI PLAY GROUND,Okposi Okwu,Ohaozara,,6.0327410,7.8092290
11/11/06/022,ISIKERENU TOWN HALL,Okposi Okwu,Ohaozara,,6.0489114,7.8014482
11/11/06/023,GIRLS' SECONDARY SCHOOL ISIOKPOSI,Okposi Okwu,Ohaozara,,6.0489307,7.8175265
11/11/07/001,AJA MGBOM TOWN HALL I,Ugbogologo Ugwulangwu,Ohaozara,,6.0344099,7.8214697
11/11/07/002,AJA MGBOM TOWN HALL II,Ugbogologo Ugwulangwu,Ohaozara,,6.0344099,7.8214697
11/11/07/003,EZUKU UDE NWARISI,Ugbogologo Ugwulangwu,Ohaozara,,6.0344099,7.8214697
11/11/07/004,EZUKU AKPAMBA,Ugbogologo Ugwulangwu,Ohaozara,,6.0344099,7.8214697
11/11/07/005,UFUOVOKE TOWN HALL,Ugbogologo Ugwulangwu,Ohaozara,,6.0344099,7.8214697
11/11/07/006,EZUKU NWOGUJI,Ugbogologo Ugwulangwu,Ohaozara,,6.0344099,7.8214697
11/11/07/007,AMENU TOWN HALL,Ugbogologo Ugwulangwu,Ohaozara,,6.0475260,7.8601000
11/11/07/008,EZUKU EZEOKE,Ugbogologo Ugwulangwu,Ohaozara,,6.0344099,7.8214697
11/11/07/009,EZUKU OKOROJI,Ugbogologo Ugwulangwu,Ohaozara,,6.0344099,7.8214697
11/11/07/010,EZUKU NWONICHA,Ugbogologo Ugwulangwu,Ohaozara,,6.0344099,7.8214697
11/11/07/011,EZUKU AKPAMBA II,Ugbogologo Ugwulangwu,Ohaozara,,6.0344099,7.8214697
11/11/07/012,UFUOVOKE TOWN HALL II,Ugbogologo Ugwulangwu,Ohaozara,,6.0344099,7.8214697
11/11/07/013,OGUDU NWEGBU PLAYGROUND,Ugbogologo Ugwulangwu,Ohaozara,,6.0344099,7.8214697
11/11/07/014,EZUKU NWONICHA II,Ugbogologo Ugwulangwu,Ohaozara,,6.0344099,7.8214697
11/11/07/015,EGUINYIMA HEALTH CENTRE,Ugbogologo Ugwulangwu,Ohaozara,,6.0344099,7.8214697
11/11/08/001,UKWU EGBU,Uhuotaru Ugwulangwu,Ohaozara,,6.0610094,7.8657702
11/11/08/002,COMMUNITY PROGRESSIVE SCHOOL,Uhuotaru Ugwulangwu,Ohaozara,,6.0344099,7.8214697
11/11/08/003,CENTRAL SCHOOL UGWULANGWU,Uhuotaru Ugwulangwu,Ohaozara,,6.0632644,7.8693356
11/11/08/004,OBIOHA PRIMARY SCHOOL UGWULANGWU,Uhuotaru Ugwulangwu,Ohaozara,,6.0485110,7.8966170
11/11/08/005,ENYIMMANU PLAY GROUND,Uhuotaru Ugwulangwu,Ohaozara,,6.0344099,7.8214697
11/11/08/006,OGAMGBO IGWE,Uhuotaru Ugwulangwu,Ohaozara,,6.0344099,7.8214697
11/11/08/007,AFIA NWEZIZO,Uhuotaru Ugwulangwu,Ohaozara,,6.0344099,7.8214697
11/11/08/008,OKEFIE PLAY GROUND,Uhuotaru Ugwulangwu,Ohaozara,,6.0344099,7.8214697
11/11/08/009,EZUKU CHATA PLAY GROUND,Uhuotaru Ugwulangwu,Ohaozara,,6.0344099,7.8214697
11/11/08/010,COMMUNITY PROGRESSIVE SCHOOL II,Uhuotaru Ugwulangwu,Ohaozara,,6.0344099,7.8214697
11/11/08/011,CENTRAL SCHOOL UGWULANGWU II,Uhuotaru Ugwulangwu,Ohaozara,,6.0632644,7.8693356
11/11/08/012,CENTRAL SCHOOL UGWULANGWU III,Uhuotaru Ugwulangwu,Ohaozara,,6.0632644,7.8693356
11/11/08/013,"COMMUNITY JUNIOR SECONDARY SCHOOL, AMATA",Uhuotaru Ugwulangwu,Ohaozara,,6.0632644,7.8693356
11/11/08/014,EZUKU OGUDU NWEZE P/G,Uhuotaru Ugwulangwu,Ohaozara,,6.0344099,7.8214697
11/11/08/015,IGWEBUIKE PRIMARY SCHOOL,Uhuotaru Ugwulangwu,Ohaozara,,6.0344099,7.8214697
11/11/08/016,NGANGBO EZUKU ODUU EGUINYIMA,Uhuotaru Ugwulangwu,Ohaozara,,6.0344099,7.8214697
11/11/08/017,NDIAGU PRIMARY SCHOOL UMUIGBOKE,Uhuotaru Ugwulangwu,Ohaozara,,6.0463331,7.6996994
11/11/09/001,ENUAGU PRIMARY SCHOOL,Umuchima,Ohaozara,,6.0515501,7.7481416
11/11/09/002,UMUCHIMA COMM. PRIMARY SCHOOL,Umuchima,Ohaozara,,6.0324950,7.6853810
11/11/09/003,IHENU COMM. PRIMARY SCHOOL,Umuchima,Ohaozara,,6.0463331,7.6996994
11/11/09/004,EKWESU PLAY GROUND,Umuchima,Ohaozara,,6.0406997,7.7421856
11/11/09/005,IVUNGWU SQUARE,Umuchima,Ohaozara,,6.0344099,7.8214697
11/11/09/006,AFIA NWACHI SQUARE,Umuchima,Ohaozara,,6.1317758,8.1412983
11/11/09/007,OGBU AJA SQUARE,Umuchima,Ohaozara,,6.0344099,7.8214697
11/11/09/008,MGBOM SQUARE,Umuchima,Ohaozara,,6.0344099,7.8214697
11/11/09/009,ENUABOR MARKET SQUARE,Umuchima,Ohaozara,,6.0469497,7.7552606
11/11/09/010,EZUKU OFOR OVOR PLAY GROUND,Umuchima,Ohaozara,,6.0377123,7.7093124
11/11/09/011,UMUCHIMA COMMUNITY PRIMARY SCHOOL II,Umuchima,Ohaozara,,6.0324950,7.6853810
11/11/10/001,UMUNAGA PRIMARY SCHOOL I,Umunaga,Ohaozara,,6.0304300,7.7299410
11/11/10/002,UMUNAGA PRIMARY SCHOOL II,Umunaga,Ohaozara,,6.0304300,7.7299410
11/11/10/003,EKE MARKET SQUARE,Umunaga,Ohaozara,,6.0469497,7.7552606
11/11/10/004,AMAGANA SQUARE I,Umunaga,Ohaozara,,6.0469497,7.7552606
11/11/10/005,AMAGANA SQUARE II,Umunaga,Ohaozara,,6.0469497,7.7552606
11/11/10/006,AJA UROBO SQUARE,Umunaga,Ohaozara,,6.0506807,7.7410939
11/11/10/007,AKPU AGWU VILLAGE SQUARE,Umunaga,Ohaozara,,6.0383448,7.7422182
11/11/10/008,EZUKU OKORO VILLAGE SQUARE,Umunaga,Ohaozara,,6.0469497,7.7552606
11/11/10/009,EZUKU ALFRED VILLAGE SQUARE,Umunaga,Ohaozara,,,
11/11/10/010,ENUOKWE PLAY GROUND,Umunaga,Ohaozara,,6.0234206,7.7442375
11/11/10/011,AKAWO ENUAGU VILLAGE SQUARE,Umunaga,Ohaozara,,6.0506807,7.7410939
11/11/10/012,AWANAKA SQUARE,Umunaga,Ohaozara,,6.0469497,7.7552606
11/11/10/013,ONUOFUKWURU MARKET SQUARE,Umunaga,Ohaozara,,6.0260000,7.6907945
11/11/10/014,ONU - ESU - AGU UROBO FARM SETTLEMENT,Umunaga,Ohaozara,,6.0789264,7.7321434
11/11/10/015,UMUNGAGA AGUUGWU TOWN HALL,Umunaga,Ohaozara,,6.0312217,7.7333450
11/11/10/016,UMUITUM TOWN HALL,Umunaga,Ohaozara,,6.0312217,7.7333450
11/11/10/017,IKENEGWU PRIMARY SCHOOL,Umunaga,Ohaozara,,6.0304300,7.7299410
11/11/11/001,UMUOBUNA PRIMARY SCHOOL,Umuobuna,Ohaozara,,6.0314510,7.7490930
11/11/11/002,ISIOGU PLAY GROUND,Umuobuna,Ohaozara,,6.0382200,7.7789210
11/11/11/003,AMAECHI SQUARE,Umuobuna,Ohaozara,,6.0344099,7.8214697
11/11/11/004,MKPUMA UDENE SQUARE,Umuobuna,Ohaozara,,6.0181914,7.7471025
11/11/11/005,UMUNGWUOKE SQUARE,Umuobuna,Ohaozara,,6.0181914,7.7471025
11/11/11/006,KARAKABA PRIMARY SCHOOL,Umuobuna,Ohaozara,,6.0277300,7.7406910
11/11/11/007,ENUIBE PLAY GROUND,Umuobuna,Ohaozara,,6.0234206,7.7442375
11/11/11/008,AGU OGWU FARM SETT,Umuobuna,Ohaozara,,6.0169390,7.7418410
11/11/11/009,EZUKU EKPA MBA,Umuobuna,Ohaozara,,6.0224763,7.7539766
11/11/11/010,P.J.H PREMISES,Umuobuna,Ohaozara,,6.0469473,7.7552517
11/11/11/011,UMUOBUNA PRIMARY SCHOOL II,Umuobuna,Ohaozara,,6.0314510,7.7490930
11/11/11/012,AKPARATA VILLAGE SQUARE,Umuobuna,Ohaozara,,6.0506807,7.7410939
11/12/01/001,AMAINYIMA PLAY GROUND,Effium I,Ohaukwu,,6.2274593,8.2532832
11/12/01/002,COMM. CENTRAL SCHOOL EFFIUMI,Effium I,Ohaukwu,,6.6577170,8.0772475
11/12/01/003,CENTRAL SCHOOL AKPARATA,Effium I,Ohaukwu,,6.6341339,8.0475448
11/12/01/004,AKPARATA PLAY GROUND,Effium I,Ohaukwu,,5.9939140,7.8812320
11/12/01/005,OKPORO FOREST SCHOOL,Effium I,Ohaukwu,,,
11/12/01/006,OHAGE VILLAGE SQUARE EFFIUM,Effium I,Ohaukwu,,6.6577170,8.0772475
11/12/01/007,OKPODUMA PLAY GROUND,Effium I,Ohaukwu,,6.3381727,8.0607114
11/12/01/008,UNWEJE P/G,Effium I,Ohaukwu,,6.6577170,8.0772475
11/12/01/009,ENWEMIRI P/G,Effium I,Ohaukwu,,6.6577170,8.0772475
11/12/01/010,INYIMAGU PRI. SCH,Effium I,Ohaukwu,,6.4557615,7.9208983
11/12/01/011,INYIMAGU II P/G,Effium I,Ohaukwu,,6.1232328,8.0883510
11/12/01/012,IGEDE PLAY GROUND,Effium I,Ohaukwu,,6.2274593,8.2532832
11/12/01/013,OSATE/LAGADI P/G,Effium I,Ohaukwu,,6.6577170,8.0772475
11/12/01/014,UGBONA PLAY GROUND,Effium I,Ohaukwu,,6.0381391,8.0101490
11/12/02/001,NGANGBO UKORO PLAY GROUND,Effium II,Ohaukwu,,6.0436978,8.1642044
11/12/02/002,OKPOBASI PLAY GROUND,Effium II,Ohaukwu,,6.3381727,8.0607114
11/12/02/003,UMUEZEOKAOHA STATE SCHOOL,Effium II,Ohaukwu,,6.6546857,8.0353735
11/12/02/004,COMM.CENTRAL SCHOOL EFFIUM,Effium II,Ohaukwu,,6.6316316,8.0588999
11/12/02/005,IBENDA PRIMARY SCHOOL EFFIUM,Effium II,Ohaukwu,,,
11/12/02/006,NWEKE NDIAGU UMUEZEOKAOHA,Effium II,Ohaukwu,,6.0692847,8.1994276
11/12/02/007,EFFIUM SUB-OFFICE HALL I,Effium II,Ohaukwu,,6.6577170,8.0772475
11/12/02/008,EFFIUM SUB-OFFICE HALL II,Effium II,Ohaukwu,,,
11/12/02/009,AZUEDENE PLAY GROUND,Effium II,Ohaukwu,,6.2274593,8.2532832
11/12/02/010,AMUDA COMM. PRIMARY SCHOOL,Effium II,Ohaukwu,,6.6546857,8.0353735
11/12/02/011,NGANGBO OHAGOLODE PLAY GROUND (BOOTH 1),Effium II,Ohaukwu,,,
11/12/02/012,NGANGBO OHAGOLODE PLAY GROUND (BOOTH 11),Effium II,Ohaukwu,,,
11/12/02/013,NGAMGBO EGEDE OMEGE PLAY GROUND,Effium II,Ohaukwu,,,
11/12/02/014,NWOKPORO ODAH VILLAGE HAL,Effium II,Ohaukwu,,6.4725373,8.0028892
11/12/02/015,OKPOBASI P/G II,Effium II,Ohaukwu,,6.6577170,8.0772475
11/12/02/016,UMUEZEKOHA STATE SCHOOL II,Effium II,Ohaukwu,,6.6546857,8.0353735
11/12/02/017,UMUEZEKOHA STATE SCHOOL III,Effium II,Ohaukwu,,6.6546857,8.0353735
11/12/02/018,EFFIUM HIGH SCHOOL,Effium II,Ohaukwu,,6.6546857,8.0353735
11/12/02/019,AFIA NWADANYI P/G,Effium II,Ohaukwu,,6.6577170,8.0772475
11/12/02/020,ONUZO OBAJI OGWALE P/G,Effium II,Ohaukwu,,6.6577170,8.0772475
11/12/02/021,UMUEZEOKOHA COMM. SEC. SCH. CAMPUS I,Effium II,Ohaukwu,,6.6546857,8.0353735
11/12/02/022,OKENU ONYA P/G,Effium II,Ohaukwu,,6.6577170,8.0772475
11/12/02/023,EZE-NWANBEKE P/G,Effium II,Ohaukwu,,6.6577170,8.0772475
11/12/02/024,NGAMGBO NWOTOLO VILLAGE SQ,Effium II,Ohaukwu,,6.4725373,8.0028892
11/12/02/025,NGAMGBO UGBOENYIM P/G,Effium II,Ohaukwu,,6.6577170,8.0772475
11/12/02/026,NWEKE NDIAGU MKT SQ.,Effium II,Ohaukwu,,6.6306320,8.0572144
11/12/02/027,OKENU VILLAGE SQUARE,Effium II,Ohaukwu,,6.4725373,8.0028892
11/12/02/028,ONUZOR NWAFIA MKT,Effium II,Ohaukwu,,6.6306320,8.0572144
11/12/02/029,AZUDENE PRI. SCH.,Effium II,Ohaukwu,,6.3137727,8.1120990
11/12/02/030,ONU-AWOKORO P/G,Effium II,Ohaukwu,,6.6577170,8.0772475
11/12/02/031,EGUBA VILLAGE SQUARE,Effium II,Ohaukwu,,6.4725373,8.0028892
11/12/02/032,ONU ATANU VILLAGE SQUARE,Effium II,Ohaukwu,,6.6577170,8.0772475
11/12/02/033,UNITY PRI. SCH. ELEGU II,Effium II,Ohaukwu,,6.3498196,8.0613020
11/12/03/001,NWAFIA UFIEOBOTO MKT. SQUARE,Ezzamgbo,Ohaukwu,,6.3968293,7.9736347
11/12/03/002,NDIAGU PLAY GROUND EZZANGBO,Ezzamgbo,Ohaukwu,,6.3994465,7.9483898
11/12/03/003,CENTRAL SCHOOL EZZANGBO,Ezzamgbo,Ohaukwu,,6.4008140,7.9138868
11/12/03/004,UMUEBE PLAY GROUND,Ezzamgbo,Ohaukwu,,6.3381727,8.0607114
11/12/03/005,OKPUFU PLAY GROUND,Ezzamgbo,Ohaukwu,,6.3381727,8.0607114
11/12/03/006,NSULAKPA PRIMARY SCHOOL,Ezzamgbo,Ohaukwu,,6.3895823,7.9938462
11/12/03/007,PRACTISING PRI. SCHOOL EZZANGBO,Ezzamgbo,Ohaukwu,,6.3970169,7.9745723
11/12/03/008,NKWO MARKET SQUARE,Ezzamgbo,Ohaukwu,,6.3989537,7.9596541
11/12/03/009,NKPOR UVURU PLAY GROUND,Ezzamgbo,Ohaukwu,,6.3381727,8.0607114
11/12/03/010,UMUEZE PLAY GROUND,Ezzamgbo,Ohaukwu,,6.3381727,8.0607114
11/12/03/011,UNITY PRI. SCHOOL AMAOVU,Ezzamgbo,Ohaukwu,,6.3137727,8.1120990
11/12/03/012,OBODO ISHIAGU PLAY GROUND,Ezzamgbo,Ohaukwu,,5.9583120,7.5436490
11/12/03/013,OBODO AKANG P/G,Ezzamgbo,Ohaukwu,,6.3968293,7.9736347
11/12/03/014,COMM. PRI. SCH. UFFIOBOTO,Ezzamgbo,Ohaukwu,,6.4021793,7.9350294
11/12/03/015,ACIGRAM SEC. SCH.,Ezzamgbo,Ohaukwu,,6.3951401,7.9757099
11/12/03/016,NDIAGU AGBA P/G,Ezzamgbo,Ohaukwu,,6.3994465,7.9483898
11/12/03/017,AZUEGU P/G,Ezzamgbo,Ohaukwu,,6.4083045,7.9971081
11/12/03/018,CENTRAL SCH. EZZANGBO II,Ezzamgbo,Ohaukwu,,6.3994465,7.9483898
11/12/03/019,UMUEBE P/G II,Ezzamgbo,Ohaukwu,,6.3994465,7.9483898
11/12/03/020,NDIAGU AKPARATA UMUEBE,Ezzamgbo,Ohaukwu,,6.3994465,7.9483898
11/12/03/021,NSULUAKPA PRI. SCHOOL II,Ezzamgbo,Ohaukwu,,6.3885899,7.9954556
11/12/03/022,NSULUAKPA PRI. SCHOOL II,Ezzamgbo,Ohaukwu,,6.3885899,7.9954556
11/12/03/023,NDIAGU AGBA P/G,Ezzamgbo,Ohaukwu,,6.3994465,7.9483898
11/12/03/024,NDIAGU OKE P/G I,Ezzamgbo,Ohaukwu,,6.3994465,7.9483898
11/12/03/025,NDIAGU OKE P/G II,Ezzamgbo,Ohaukwu,,6.3994465,7.9483898
11/12/03/026,OBORIGO PLAY GROUND,Ezzamgbo,Ohaukwu,,6.3381727,8.0607114
11/12/03/027,NDULO AMIKE PLAY GROUND,Ezzamgbo,Ohaukwu,,6.3968293,7.9736347
11/12/03/028,NWOSHOPO IBENTA MKT SQUARE,Ezzamgbo,Ohaukwu,,6.4734793,7.9565917
11/12/03/029,OBODO NWENI P/G,Ezzamgbo,Ohaukwu,,6.3885899,7.9954556
11/12/03/030,NDIAGU ONWE P/G,Ezzamgbo,Ohaukwu,,6.4083045,7.9971081
11/12/03/031,NDULO P/G NSULUAKPA,Ezzamgbo,Ohaukwu,,6.4083045,7.9971081
11/12/03/032,UNITY PRIMARY SCHOOL II,Ezzamgbo,Ohaukwu,,6.3498196,8.0613020
11/12/03/033,UNITY PRIMARY SCHOOL III,Ezzamgbo,Ohaukwu,,6.3498196,8.0613020
11/12/04/001,EJIRIKE PRI. SCHOOL EKWASSI,Ishi Ngbo I,Ohaukwu,,6.3885899,7.9954556
11/12/04/002,NDIAGUENI PLAY GROUND,Ishi Ngbo I,Ohaukwu,,6.1142170,8.2411390
11/12/04/003,NDIAGUIDAKA PRI. SCH.,Ishi Ngbo I,Ohaukwu,,6.5208897,7.9538378
11/12/04/004,OKEALI PLAY GROUND,Ishi Ngbo I,Ohaukwu,,6.3381727,8.0607114
11/12/04/005,OGBENYI PLAY GROUND,Ishi Ngbo I,Ohaukwu,,6.1142170,8.2411390
11/12/04/006,OBODO NDULO EKWASHI,Ishi Ngbo I,Ohaukwu,,6.4710306,7.9549691
11/12/04/007,AGUGWU MARKET SQUARE,Ishi Ngbo I,Ohaukwu,,6.4734793,7.9565917
11/12/04/008,OCHIKPOITE P/G,Ishi Ngbo I,Ohaukwu,,6.4734793,7.9565917
11/12/04/009,NDIAGUIDAKA PLAY GROUND,Ishi Ngbo I,Ohaukwu,,6.1142170,8.2411390
11/12/04/010,NDIAGUONWE MKT SQUARE,Ishi Ngbo I,Ohaukwu,,6.4734793,7.9565917
11/12/05/001,NDULO UKWUAGBA PLAY GROUND BOOTH I,Ishi Ngbo II,Ohaukwu,,6.4734793,7.9565917
11/12/05/002,NDULO UKWUAGBA PLAY GROUND BOOTH II,Ishi Ngbo II,Ohaukwu,,6.1142170,8.2411390
11/12/05/003,NDULO UKWUAGBA PLAY GROUND BOOTH III,Ishi Ngbo II,Ohaukwu,,6.1142170,8.2411390
11/12/05/004,NDIAGU AKPURATA PRI. SCHOOL,Ishi Ngbo II,Ohaukwu,,6.4618772,7.9596098
11/12/05/005,OHABUIKE PRI. SCH. HALL I,Ishi Ngbo II,Ohaukwu,,6.4618772,7.9596098
11/12/05/006,OHABUIKE PRI. SCH. HALL II,Ishi Ngbo II,Ohaukwu,,6.4618772,7.9596098
11/12/05/007,AGUACHI STATE PRI. SCH. HALL I,Ishi Ngbo II,Ohaukwu,,6.4618772,7.9596098
11/12/05/008,AGUACHI STATE PRI. SCH. HALL II,Ishi Ngbo II,Ohaukwu,,6.4618772,7.9596098
11/12/05/009,NDIAGUEZE PLAY GROUND,Ishi Ngbo II,Ohaukwu,,6.1142170,8.2411390
11/12/05/010,EJILEWE PLAY GROUND,Ishi Ngbo II,Ohaukwu,,6.1142170,8.2411390
11/12/05/011,NDULO NGBO PRI. SCHOOL,Ishi Ngbo II,Ohaukwu,,6.4618772,7.9596098
11/12/05/012,OGBEBA PLAY GROUND,Ishi Ngbo II,Ohaukwu,,6.1142170,8.2411390
11/12/05/013,UMUNATA PRI. SCH,Ishi Ngbo II,Ohaukwu,,6.4618772,7.9596098
11/12/05/014,NDIAGU-OSE P/G,Ishi Ngbo II,Ohaukwu,,6.3850252,8.0274274
11/12/05/015,NDIAGU-ESHI P/G,Ishi Ngbo II,Ohaukwu,,6.5732806,7.9865350
11/12/05/016,AGUORIE PLAY GROUND,Ishi Ngbo II,Ohaukwu,,6.1142170,8.2411390
11/12/05/017,NWAFFIA ARENE MKT SQUARE,Ishi Ngbo II,Ohaukwu,,6.4734793,7.9565917
11/12/05/018,OHAKWE PRI. SCH.,Ishi Ngbo II,Ohaukwu,,6.5732806,7.9865350
11/12/05/019,ANYANWU IGWE P/G,Ishi Ngbo II,Ohaukwu,,6.3859518,8.0114112
11/12/05/020,OBOMALEGU P/G,Ishi Ngbo II,Ohaukwu,,6.4734793,7.9565917
11/12/05/021,NDIAGU IYIOGWE P/G,Ishi Ngbo II,Ohaukwu,,6.4073088,7.7797049
11/12/05/022,NWAFFIA ELECHI MKQ SQUARE,Ishi Ngbo II,Ohaukwu,,6.4734793,7.9565917
11/12/06/001,OBODO NDIEDE PLAY GROUND,Ngbo,Ohaukwu,,,
11/12/06/002,NDULO UMUEZEAKA PLAY GROUND,Ngbo,Ohaukwu,,6.3499363,8.1068807
11/12/06/003,OTUOKPEYE PRI. SCH. AMOFFIA,Ngbo,Ohaukwu,,6.3137096,8.1075132
11/12/06/004,CENTRAL SCHOOL OBODOEJE HALL I,Ngbo,Ohaukwu,,6.0418517,7.9266015
11/12/06/005,CENTRAL SCHOOL OBODOEJE HALL II,Ngbo,Ohaukwu,,6.0418517,7.9266015
11/12/06/006,HILL TOP PRI. SCH. ABARIGWE,Ngbo,Ohaukwu,,6.4927812,8.0061425
11/12/06/007,UMUNNAKWE PRI. SCH. ABARIGWE,Ngbo,Ohaukwu,,6.1561815,7.8016520
11/12/06/008,PRI. SCH. AKPAGU AMOFFIA HALL I,Ngbo,Ohaukwu,,6.3230592,8.1120597
11/12/06/009,PRI. SCH. AKPAGU AMOFFIA HALL I I,Ngbo,Ohaukwu,,,
11/12/06/010,PRI. SCH. NDIAGU UTOBO,Ngbo,Ohaukwu,,6.4500000,8.0000000
11/12/06/011,OBODO ITUTARA P/G,Ngbo,Ohaukwu,,,
11/12/06/012,UKWAKA PRI. SCHOOL,Ngbo,Ohaukwu,,6.0418517,7.9266015
11/12/06/013,NDIEGU ELOM P/G,Ngbo,Ohaukwu,,,
11/12/06/014,NDULO UMUEZEAKA P/G II,Ngbo,Ohaukwu,,,
11/12/06/015,NDIAGU-UDUOME P/G,Ngbo,Ohaukwu,,6.5349218,8.0898329
11/12/06/016,NDIAGU-ONWE AKIRI,Ngbo,Ohaukwu,,6.0692847,8.1994276
11/12/06/017,UMUEZEAKA HIGH SCH. NGBO,Ngbo,Ohaukwu,,6.4716473,8.0165538
11/12/06/018,NDIEGU NWITE P/G,Ngbo,Ohaukwu,,,
11/12/06/019,OSHIAGU UMUEZEAKA P/G,Ngbo,Ohaukwu,,,
11/12/06/020,OBODO OGALI P/G,Ngbo,Ohaukwu,,,
11/12/06/021,OGBUEGU P/G,Ngbo,Ohaukwu,,,
11/12/06/022,UDOKA PRI. SCH. OKWERIKE I,Ngbo,Ohaukwu,,6.4992014,8.0354583
11/12/06/023,UDOKA PRI. SCH. OKWERIKE II,Ngbo,Ohaukwu,,6.4992014,8.0354583
11/12/06/024,UNION PRI. SCH. NDI PRI. SCH. U-ONWE,Ngbo,Ohaukwu,,6.3137096,8.1075132
11/12/06/025,AMOFFIA HIGH SCH. ABARIGWE,Ngbo,Ohaukwu,,6.3230592,8.1120597
11/12/06/026,NDIAGU-IDAKA PRI. SCH. I,Ngbo,Ohaukwu,,6.0485110,7.8966170
11/12/06/027,NDIAGU-IDAKA PRI. SCH. II,Ngbo,Ohaukwu,,6.0485110,7.8966170
11/12/06/028,OKWUINYA PR. SCH. UMUEZEKA NGBO,Ngbo,Ohaukwu,,,
11/12/07/001,CENTRAL SCHOOL NGBO HALL I,Okposhi I,Ohaukwu,,6.4618772,7.9596098
11/12/07/002,CENTRAL SCHOOL NGBO HALL II,Okposhi I,Ohaukwu,,6.4618772,7.9596098
11/12/07/003,NDIAGUIGUBE PRI. SCHOOL,Okposhi I,Ohaukwu,,6.4021793,7.9350294
11/12/07/004,ODEATANG CENTRAL SCHOOL I,Okposhi I,Ohaukwu,,6.4500000,8.0000000
11/12/07/005,ODEATANG CENTRAL SCHOOL II,Okposhi I,Ohaukwu,,6.4500000,8.0000000
11/12/07/006,ENYIBCHIRI PLAY GROUND BOOTH I,Okposhi I,Ohaukwu,,6.0393016,8.1326611
11/12/07/007,ENYIBCHIRI PLAY GROUND BOOTH II,Okposhi I,Ohaukwu,,6.3381727,8.0607114
11/12/07/008,OBODO AJIM PLAY GROUND,Okposhi I,Ohaukwu,,6.0294299,7.7903360
11/12/07/009,CENTRAL SCHOOL NGBO III,Okposhi I,Ohaukwu,,6.4618772,7.9596098
11/12/07/010,CENTRAL SCHOOL NGBO IV,Okposhi I,Ohaukwu,,6.4618772,7.9596098
11/12/07/011,SCH. OF HEALTH SC. NGBO,Okposhi I,Ohaukwu,,6.4453139,7.9612812
11/12/07/012,NWAFIA NDIAGU ODE MKT SQ,Okposhi I,Ohaukwu,,6.0342214,7.8191196
11/12/07/013,OBODO NDIAGU IGUBE P/G,Okposhi I,Ohaukwu,,6.3859518,8.0114112
11/12/07/014,NWORIE IGWELEDEOHA P/G,Okposhi I,Ohaukwu,,6.3859518,8.0114112
11/12/07/015,NDIAGU AGBA PRI. SCHOOL,Okposhi I,Ohaukwu,,6.4618772,7.9596098
11/12/07/016,NDIAGU-UBOCHI P/G,Okposhi I,Ohaukwu,,6.5349218,8.0898329
11/12/07/017,OBODO OKAKOBO P/G,Okposhi I,Ohaukwu,,,
11/12/08/001,AMAFFIA COMM. SCHOOL,Okposhi II,Ohaukwu,,6.3234681,8.0479004
11/12/08/002,COMM. PRIMARY SCHOOL IGWELEDEOHA HALL I,Okposhi II,Ohaukwu,,6.1530850,7.9246217
11/12/08/003,COMM. PRIMARY SCHOOL IGWELEDEOHA HALL II,Okposhi II,Ohaukwu,,6.0022890,7.8478432
11/12/08/004,COMM. PRIMARY SCHOOL NDIAGU NGBO,Okposhi II,Ohaukwu,,6.4672230,7.8980852
11/12/08/005,NDIAGUOGE PLAY GROUND BOOTH I,Okposhi II,Ohaukwu,,,
11/12/08/006,NDIAGUOGE PLAY GROUND BOOTH II,Okposhi II,Ohaukwu,,6.3381727,8.0607114
11/12/08/007,COMM. PRIMARY SCHOOL INYIMAGU HALL I,Okposhi II,Ohaukwu,,6.1530850,7.9246217
11/12/08/008,COMM. PRIMARY SCHOOL INYIMAGU HALL II,Okposhi II,Ohaukwu,,6.3206991,8.1084976
11/12/08/009,NDULO AMAFFIA PLAY GROUND,Okposhi II,Ohaukwu,,6.3381727,8.0607114
11/12/08/010,EFUTUEKWE PLAY GROUND,Okposhi II,Ohaukwu,,6.3381727,8.0607114
11/12/08/011,UNITY PRI. SCH. OTUKPEYE,Okposhi II,Ohaukwu,,6.3498196,8.0613020
11/12/08/012,NDIAGU ISHIEGU P/G,Okposhi II,Ohaukwu,,6.5349218,8.0898329
11/12/08/013,NDIAGU OSHISHA P/G,Okposhi II,Ohaukwu,,6.5349218,8.0898329
11/12/08/014,NDEGU OBU P/G,Okposhi II,Ohaukwu,,,
11/12/08/015,AMOGU COMM. PRI. SCH. OJIEGBE,Okposhi II,Ohaukwu,,6.0485110,7.8966170
11/12/08/016,NDEGU ESHI P/G,Okposhi II,Ohaukwu,,,
11/12/08/017,NDULO OKPOSHI P/G,Okposhi II,Ohaukwu,,6.0342214,7.8191196
11/12/08/018,ABOGODO PRIMARY SCHOOL,Okposhi II,Ohaukwu,,6.4021793,7.9350294
11/12/09/001,AMECHI COMM. SCHOOL,Umuagara / Amechi,Ohaukwu,,6.3811529,7.5162554
11/12/09/002,OBODOAKARA PLAY GROUND,Umuagara / Amechi,Ohaukwu,,6.3381727,8.0607114
11/12/09/003,OBODONDIAGUESHI PLAY GROUND,Umuagara / Amechi,Ohaukwu,,6.3381727,8.0607114
11/12/09/004,NWORIE NDIAGU MARKET SQUARE,Umuagara / Amechi,Ohaukwu,,6.4734793,7.9565917
11/12/09/005,UMUORU PRIMARY SCHOOL,Umuagara / Amechi,Ohaukwu,,,
11/12/09/006,AMAECHI NDIAGUESHI PRIMARY SCHOOL,Umuagara / Amechi,Ohaukwu,,6.4021793,7.9350294
11/12/09/007,ROYAL COMPREHENSIVE SCHOOL(RELOCATED TO ORIE OFU MARKET SQUARE I),Umuagara / Amechi,Ohaukwu,,6.4734793,7.9565917
11/12/09/008,UMUAGARA COMM. PRIMARY SCHOOL EZZANGBO,Umuagara / Amechi,Ohaukwu,,6.4198868,7.9919860
11/12/09/009,OBODO NDIAGUINYI PLAY GROUND,Umuagara / Amechi,Ohaukwu,,6.4734793,7.9565917
11/12/09/010,AMANTA COMM. PRIMARY SCHOOL,Umuagara / Amechi,Ohaukwu,,6.4021793,7.9350294
11/12/09/011,OSHIEWOLO PRIMARY SCHOOL,Umuagara / Amechi,Ohaukwu,,6.4021793,7.9350294
11/12/09/012,EGUECHARA PLAY GROUND,Umuagara / Amechi,Ohaukwu,,6.3381727,8.0607114
11/12/09/013,AMAECHI COMM. SCH.II,Umuagara / Amechi,Ohaukwu,,6.4149948,7.9799349
11/12/09/014,OBODO UKPA NDULO AMECHI,Umuagara / Amechi,Ohaukwu,,6.4734793,7.9565917
11/12/09/015,NWEKE NDIAGU-AGBA MKT SQ,Umuagara / Amechi,Ohaukwu,,6.4734793,7.9565917
11/12/09/016,OBODO NWANKWO UREVENE,Umuagara / Amechi,Ohaukwu,,6.4083045,7.9971081
11/12/09/017,OBODO ISHIAGU AMOKA P/G,Umuagara / Amechi,Ohaukwu,,6.4083045,7.9971081
11/12/09/018,OBODO OKWERIKE P/G,Umuagara / Amechi,Ohaukwu,,6.4083045,7.9971081
11/12/09/019,ORIEOFU MKT SQ II,Umuagara / Amechi,Ohaukwu,,6.4734793,7.9565917
11/12/09/020,OBODO-UTO P/G,Umuagara / Amechi,Ohaukwu,,6.4083045,7.9971081
11/12/09/021,UMUAGARA C.P.S. EZZANGBO II,Umuagara / Amechi,Ohaukwu,,6.4083045,7.9971081
11/12/09/022,OBODO EDO AMAOGELEWU P/G,Umuagara / Amechi,Ohaukwu,,,
11/12/09/023,AMANTA C.P.S. II,Umuagara / Amechi,Ohaukwu,,6.3877580,7.9747819
11/12/09/024,OBODO OGEISINKWOCHA P/G,Umuagara / Amechi,Ohaukwu,,6.4083045,7.9971081
11/12/10/001,UKPESHI PRIMARY SCHOOL NDULO,Umu Ogudu Oshia,Ohaukwu,,6.2832970,8.0848800
11/12/10/002,CENTRAL SCHOOL NDIAGU UDU,Umu Ogudu Oshia,Ohaukwu,,6.4618772,7.9596098
11/12/10/003,CENTRAL SCHOOL OKOROGBATA HALL I,Umu Ogudu Oshia,Ohaukwu,,6.4618772,7.9596098
11/12/10/004,CENTRAL SCHOOL OKOROGBATA HALL II,Umu Ogudu Oshia,Ohaukwu,,6.4618772,7.9596098
11/12/10/005,COMM. PRIMARY SCHOOL EGWEGWE HALL I,Umu Ogudu Oshia,Ohaukwu,,6.4021793,7.9350294
11/12/10/006,COMM. PRIMARY SCHOOL EGWEGWE HALL II,Umu Ogudu Oshia,Ohaukwu,,6.4021793,7.9350294
11/12/10/007,OSHIA NGBO CENTRAL SCHOOL HALL I,Umu Ogudu Oshia,Ohaukwu,,6.4903545,7.8776023
11/12/10/008,OSHIA NGBO CENTRAL SCHOOL HALL II,Umu Ogudu Oshia,Ohaukwu,,6.4903545,7.8776023
11/12/10/009,OGUM NGBO COMM. PRIMARY SCHOOL HALL I,Umu Ogudu Oshia,Ohaukwu,,,
11/12/10/010,OGUM NGBO COMM. PRIMARY SCHOOL HALL II,Umu Ogudu Oshia,Ohaukwu,,,
11/12/10/011,ABARIGWE PRI. SCHOOL,Umu Ogudu Oshia,Ohaukwu,,6.4869925,8.1097538
11/12/10/012,OGENE PLAY GROUND,Umu Ogudu Oshia,Ohaukwu,,,
11/12/10/013,OBODO UMUINYI PLAY GROUND,Umu Ogudu Oshia,Ohaukwu,,,
11/12/10/014,OGWUDUANNO PLAY GROUND,Umu Ogudu Oshia,Ohaukwu,,,
11/12/10/015,EKWEBURU P/G,Umu Ogudu Oshia,Ohaukwu,,6.3859518,8.0114112
11/12/10/016,OBODO EZE HALL,Umu Ogudu Oshia,Ohaukwu,,6.3859518,8.0114112
11/12/10/017,NDIAGU AKPARATA P/G,Umu Ogudu Oshia,Ohaukwu,,,
11/12/10/018,URONGBANYI MKT SQUARE,Umu Ogudu Oshia,Ohaukwu,,,
11/12/10/019,NDIAGU-UDUOME P/G,Umu Ogudu Oshia,Ohaukwu,,6.3859518,8.0114112
11/12/10/020,UNITY PRI. SCH. NDIEGU-ESI AKPUENYI,Umu Ogudu Oshia,Ohaukwu,,6.3498196,8.0613020
11/12/10/021,UNITY PRI. SCH. UMULAKA,Umu Ogudu Oshia,Ohaukwu,,6.3498196,8.0613020
11/12/10/022,ORIJIRIAFOR P/G,Umu Ogudu Oshia,Ohaukwu,,,
11/12/10/023,NDIEGU ONYIRO P/G,Umu Ogudu Oshia,Ohaukwu,,,
11/12/10/024,OSEGE PLAY GROUND,Umu Ogudu Oshia,Ohaukwu,,,
11/12/11/001,NWAFIA OBODO OGBAENI BOOTH I,Umu Ogudu Akpu I,Ohaukwu,,,
11/12/11/002,AKWARAMA PRI. SCH.( NWAFFIA OBODO OGBAENI BOOTH I),Umu Ogudu Akpu I,Ohaukwu,,6.4637603,7.9500132
11/12/11/003,OBODO OFFIRU PLAY GROUND (NWAFFIA OBODO OGBAENI BOOTH II),Umu Ogudu Akpu I,Ohaukwu,,,
11/12/11/004,CENTRAL SCHOOL UMUOGUDUAKPU HALL I,Umu Ogudu Akpu I,Ohaukwu,,6.3438106,7.9879541
11/12/11/005,CENTRAL SCHOOL UMUOGUDUAKPU HALL II,Umu Ogudu Akpu I,Ohaukwu,,6.4618772,7.9596098
11/12/11/006,NDIAGUONA PLAY GROUND BOOTH I,Umu Ogudu Akpu I,Ohaukwu,,,
11/12/11/007,NDIAGUONA PLAY GROUND BOOTH II,Umu Ogudu Akpu I,Ohaukwu,,,
11/12/11/008,NWAOBODOUGBA PLAY GROUND,Umu Ogudu Akpu I,Ohaukwu,,,
11/12/11/009,AGUEBELE UMUIMAMA PLAY GROUND BOOTH I,Umu Ogudu Akpu I,Ohaukwu,,,
11/12/11/010,AGUEBELE UMUIMAMA PLAY GROUND BOOTH II,Umu Ogudu Akpu I,Ohaukwu,,,
11/12/11/011,OSHIAGUAMA PLAY GROUND,Umu Ogudu Akpu I,Ohaukwu,,,
11/12/11/012,NDULO UMUOGUDUAKPU PLAY GROUND,Umu Ogudu Akpu I,Ohaukwu,,,
11/12/11/013,NWAFIA OBODO OGBAENI II,Umu Ogudu Akpu I,Ohaukwu,,,
11/12/11/014,OBODO AKWARAMA P/G,Umu Ogudu Akpu I,Ohaukwu,,,
11/12/11/015,UNITY PRI. SCH. NDIEGU OKPE AMAKPU,Umu Ogudu Akpu I,Ohaukwu,,6.3498196,8.0613020
11/12/11/016,NWAOBO IGBA P/G,Umu Ogudu Akpu I,Ohaukwu,,6.3859518,8.0114112
11/12/11/017,OSHIAGU AMIA MKT SQUARE,Umu Ogudu Akpu I,Ohaukwu,,,
11/12/11/018,NDULO OBODO AKPU P/G II,Umu Ogudu Akpu I,Ohaukwu,,,
11/12/12/001,IJINIKE HIGH SCHOOL UMUOGUDUAKPU HALL I,Umu Ogudu Akpu II,Ohaukwu,,6.3885899,7.9954556
11/12/12/002,IJINIKE HIGH SCHOOL UMUOGUDUAKPU HALL II,Umu Ogudu Akpu II,Ohaukwu,,6.4637603,7.9500132
11/12/12/003,NWINIYI MARKET SQUARE BOOTH I,Umu Ogudu Akpu II,Ohaukwu,,,
11/12/12/004,NWINIYI MARKET SQUARE BOOTH II,Umu Ogudu Akpu II,Ohaukwu,,,
11/12/12/005,STATE SCHOOL ORIAJA HALL I,Umu Ogudu Akpu II,Ohaukwu,,6.4618772,7.9596098
11/12/12/006,STATE SCHOOL ORIAJA HALL II,Umu Ogudu Akpu II,Ohaukwu,,6.4618772,7.9596098
11/12/12/007,NWAFIA NDIAGU ORIE MKT. SQ. I,Umu Ogudu Akpu II,Ohaukwu,,5.9118852,7.7069092
11/12/12/008,NWAFIA NDIAGU ORIE MKT. SQ. II,Umu Ogudu Akpu II,Ohaukwu,,5.9118852,7.7069092
11/12/12/009,COMM. SCHOOL UMUOGUDU HALL I,Umu Ogudu Akpu II,Ohaukwu,,6.4637603,7.9500132
11/12/12/010,COMM. SCHOOL UMUOGUDU HALL II,Umu Ogudu Akpu II,Ohaukwu,,6.4637603,7.9500132
11/12/12/011,IJINIKE HIGH SCH.,Umu Ogudu Akpu II,Ohaukwu,,6.4853372,7.9405832
11/12/12/012,IJINIKE HIGH SCH. (UMUOGUDUAKPU HALL IV,Umu Ogudu Akpu II,Ohaukwu,,6.0632644,7.8693356
11/12/12/013,NDIAGU OGBOJI,Umu Ogudu Akpu II,Ohaukwu,,,
11/12/12/014,OBODOCHA P/G,Umu Ogudu Akpu II,Ohaukwu,,,
11/12/12/015,OTUEBU P/G,Umu Ogudu Akpu II,Ohaukwu,,,
11/12/13/001,INYAFOR VILLAGE SQUARE BOOTH I,Wigbeke I,Ohaukwu,,,
11/12/13/002,INYAFOR VILLAGE SQUARE BOOTH II,Wigbeke I,Ohaukwu,,,
11/12/13/003,EKPITOM VILLAGE SQUARE BOOTH I,Wigbeke I,Ohaukwu,,,
11/12/13/004,EKPITOM VILLAGE SQUARE BOOTH II,Wigbeke I,Ohaukwu,,,
11/12/13/005,URBAN PRI. SCH. EFFIUM,Wigbeke I,Ohaukwu,,6.3175504,8.1163134
11/12/13/006,WATUMA PLAY GROUND,Wigbeke I,Ohaukwu,,,
11/12/13/007,WIGBEKE P/G,Wigbeke I,Ohaukwu,,6.6434945,8.0656145
11/12/13/008,UBEGWE P/G II,Wigbeke I,Ohaukwu,,6.3859518,8.0114112
11/12/13/009,ONWIGWE P/G,Wigbeke I,Ohaukwu,,6.3859518,8.0114112
11/12/14/001,UMUEZOKAOHA CENTRAL SCHOOL EFFIUM HALL I,Wigbeke II,Ohaukwu,,6.6546857,8.0353735
11/12/14/002,UMUEZOKAOHA CENTRAL SCHOOL EFFIUM HALL II,Wigbeke II,Ohaukwu,,6.6546857,8.0353735
11/12/14/003,INIKIRI MARKET SQUARE BOOTH I,Wigbeke II,Ohaukwu,,,
11/12/14/004,INIKIRI MARKET SQUARE BOOTH II,Wigbeke II,Ohaukwu,,,
11/12/14/005,UGOEZE PRIMARY SCHOOL,Wigbeke II,Ohaukwu,,,
11/12/14/006,AMEKA / AMAJIM PRIMARY SCHOOL,Wigbeke II,Ohaukwu,,6.1561815,7.8016520
11/12/14/007,ONUEBEJA PRIMARY SCHOOL,Wigbeke II,Ohaukwu,,6.3137096,8.1075132
11/12/14/008,UMUEZE PRIMARY SCHOOL HALL I,Wigbeke II,Ohaukwu,,6.3137096,8.1075132
11/12/14/009,UMUEZE PRIMARY SCHOOL HALL II,Wigbeke II,Ohaukwu,,6.3175504,8.1163134
11/12/14/010,IGWEBUIKE PRIMARY SCHOOL,Wigbeke II,Ohaukwu,,6.3067465,7.6683987
11/12/14/011,ONUERORO MARKET SQUARE,Wigbeke II,Ohaukwu,,6.4734793,7.9565917
11/12/14/012,EZEOKAUGO PRI. SCH.,Wigbeke II,Ohaukwu,,6.6709863,8.0006164
11/12/14/013,EGUOJABA PRI. SCH,Wigbeke II,Ohaukwu,,6.3416386,8.1263642
11/12/14/014,UMUEZEOKA TOWN HALL,Wigbeke II,Ohaukwu,,6.6766365,7.9998082
11/12/14/015,EGUENYI PRI. SCH. I,Wigbeke II,Ohaukwu,,6.3137727,8.1120990
11/12/14/016,EGUENYI PRI. SCH. II,Wigbeke II,Ohaukwu,,6.3137727,8.1120990
11/12/14/017,ONUNWOKPORO VILL. HALL,Wigbeke II,Ohaukwu,,6.3281443,8.1041807
11/12/14/018,UWHUMBA ECHI P/G,Wigbeke II,Ohaukwu,,6.3256986,8.0799691
11/12/14/019,ONUZOIGWE VILLAGE SQ,Wigbeke II,Ohaukwu,,6.3076081,8.0290638
11/12/14/020,ONU-INIKIRI VILLAGE HALL,Wigbeke II,Ohaukwu,,6.3076081,8.0290638
11/12/14/021,AFOR-IZZO MKT SQ,Wigbeke II,Ohaukwu,,6.4734793,7.9565917
11/12/14/022,EGUGBA PRI. SCH.,Wigbeke II,Ohaukwu,,6.3416386,8.1263642
11/12/14/023,AMUZU PLAY GROUND,Wigbeke II,Ohaukwu,,6.1762246,8.0431472
11/12/14/024,NGANGBO UKORO P/G,Wigbeke II,Ohaukwu,,6.3859518,8.0114112
11/12/14/025,UWHUMBA UTOBO P/G,Wigbeke II,Ohaukwu,,6.3859518,8.0114112
11/12/14/026,COMM. SEC. SCH. UMUEZE,Wigbeke II,Ohaukwu,,6.6546857,8.0353735
11/12/14/027,EGUGWU PRI. SCHOOL,Wigbeke II,Ohaukwu,,6.3416386,8.1263642
11/12/14/028,ST. PHILIP PRI. SCH. EGUGWU,Wigbeke II,Ohaukwu,,,
11/12/14/029,OKPORO UMUEZEOKA P/G,Wigbeke II,Ohaukwu,,6.3859518,8.0114112
11/12/14/030,ORIUZOR ONUNGELE VILLAGE SQUARE,Wigbeke II,Ohaukwu,,6.6690488,8.0000850
11/12/14/031,OGHARUGO PRI. SCH,Wigbeke II,Ohaukwu,,6.3137727,8.1120990
11/12/14/032,AMEWULA COMM. PRI. SCH,Wigbeke II,Ohaukwu,,6.3137727,8.1120990
11/12/14/033,ONUNWAODELIGBO MKT SQ.,Wigbeke II,Ohaukwu,,6.4734793,7.9565917
11/12/15/001,UFFIACHA VILLAGE SQUARE BOOTH I,Wigbeke III,Ohaukwu,,,
11/12/15/002,UFFIACHA VILLAGE SQUARE BOOTH II,Wigbeke III,Ohaukwu,,,
11/12/15/003,OGBAGERE VILLAGE SQUARE BOOTH I,Wigbeke III,Ohaukwu,,,
11/12/15/004,OGBAGERE VILLAGE SQUARE BOOTH II,Wigbeke III,Ohaukwu,,,
11/12/15/005,OGBODO VILL. SQUARE,Wigbeke III,Ohaukwu,,,
11/12/15/006,UBEGU VILL. SQUARE,Wigbeke III,Ohaukwu,,,
11/13/01/001,ISHIEKE PLAY GROUND,Abaomege,Onicha,,5.8312737,7.9282347
11/13/01/002,UGBONNA PLAY GROUND,Abaomege,Onicha,,5.8312737,7.9282347
11/13/01/003,EBUALIKE PLAY GROUND,Abaomege,Onicha,,6.0562340,8.0298042
11/13/01/004,ANUMOCHA PLAY GROUND,Abaomege,Onicha,,6.0506007,8.0237961
11/13/01/005,CENTRAL SCHOOL ABAOMEGE,Abaomege,Onicha,,,
11/13/01/006,OSUSARA PLAY GROUND,Abaomege,Onicha,,6.1102000,7.8339350
11/13/01/007,NDUFU PLAY GROUND I,Abaomege,Onicha,,6.0381391,8.0101490
11/13/01/008,NDUFU PLAY GROUND II,Abaomege,Onicha,,6.0381391,8.0101490
11/13/01/009,OKARIA PLAY GROUND,Abaomege,Onicha,,6.0092910,8.0112560
11/13/01/010,OHIOFIA OKWERIKE PLAY GROUND,Abaomege,Onicha,,5.9071831,7.9633483
11/13/01/011,AMAONU PLAY GROUND,Abaomege,Onicha,,5.8312737,7.9282347
11/13/01/012,STATION URBAN PLAY GROUND,Abaomege,Onicha,,6.1505136,7.8004331
11/13/01/013,OMEGE VILAGE SQUARE,Abaomege,Onicha,,6.0053055,8.0042522
11/13/01/014,NGAMGBO UGOJI PLAY GROUND,Abaomege,Onicha,,6.0247543,8.0192471
11/13/01/015,ABAISHIELI PLAY GROUND,Abaomege,Onicha,,6.1102000,7.8339350
11/13/02/001,AGBABOR C.P.S,Agbabor-Isu,Onicha,,6.2043473,7.8079356
11/13/02/002,NGWU UMUIGBO PLAY GROUND,Agbabor-Isu,Onicha,,6.1672370,7.8319120
11/13/02/003,EZIUKWU CHUKWU PLAY GROUND,Agbabor-Isu,Onicha,,6.1999872,7.8377551
11/13/02/004,OBUNOR PLAY GROUND,Agbabor-Isu,Onicha,,6.2043473,7.8079356
11/13/02/005,IHU-ANI PLAY GROUND,Agbabor-Isu,Onicha,,6.1607742,7.8052068
11/13/02/006,NWEKE AGU PLAY GROUND,Agbabor-Isu,Onicha,,6.2235610,7.7948430
11/13/02/007,UFUOBA PLAY GROUND UFUOBA,Agbabor-Isu,Onicha,,6.1746490,7.8382248
11/13/02/008,AMEKE TOWN HALL,Agbabor-Isu,Onicha,,,
11/13/02/009,NWACHI PLAY GROUND,Agbabor-Isu,Onicha,,6.2251449,7.7788219
11/13/02/010,UMUNNA TOWN HALL,Agbabor-Isu,Onicha,,6.1534737,7.8061985
11/13/02/011,ACHI UZAM MARKET SQUARE,Agbabor-Isu,Onicha,,6.2006387,7.8503951
11/13/02/012,ORIE UHU OGE,Agbabor-Isu,Onicha,,6.2043473,7.8079356
11/13/02/013,ONU-UNOR ECHE PLAY GROUND,Agbabor-Isu,Onicha,,6.1505136,7.8004331
11/13/02/014,NWANKWOR OMEGE PLAY GROUND,Agbabor-Isu,Onicha,,6.2205533,7.8059819
11/13/02/015,NWEKE OKE PLAY GROUND,Agbabor-Isu,Onicha,,6.2242516,7.7969107
11/13/02/016,AGUEKE PRIMARY SCHOOL,Agbabor-Isu,Onicha,,6.2006387,7.8503951
11/13/02/017,EZIMA COMMUNITY PRIMARY SCHOOL,Agbabor-Isu,Onicha,,6.2043473,7.8079356
11/13/02/018,UHU OGUDU PLAY GROUND,Agbabor-Isu,Onicha,,6.2043473,7.8079356
11/13/02/019,NWEKE NDIEGU MKT. SQR,Agbabor-Isu,Onicha,,6.1346486,7.8896241
11/13/02/020,UFUAKPU PLAY GROUND,Agbabor-Isu,Onicha,,6.2043473,7.8079356
11/13/02/021,AMAEFI TOWN HALL,Agbabor-Isu,Onicha,,6.1534737,7.8061985
11/13/02/022,NWOGAMGBO NDIEGU UFUOBA PLAY GROUND,Agbabor-Isu,Onicha,,6.1746490,7.8382248
11/13/02/023,NKWOAGU MARKET SQUARE,Agbabor-Isu,Onicha,,6.1495749,7.8007402
11/13/02/024,UNION PRIMARY SCHOOL UHU OGE,Agbabor-Isu,Onicha,,6.1478542,7.7941008
11/13/02/025,NWEKE OJIMBA TOWN HALL ISIACHI,Agbabor-Isu,Onicha,,6.1505136,7.8004331
11/13/03/001,EKENU VILLAGE SQUARE,Amanator-Isu,Onicha,,6.1505136,7.8004331
11/13/03/002,IHUEZEUKWU PLAY GROUND,Amanator-Isu,Onicha,,6.1505136,7.8004331
11/13/03/003,NWORIE ODI MARKET SQUARE,Amanator-Isu,Onicha,,6.1505649,7.8005790
11/13/03/004,UKWU-UBE PLAY GROUND,Amanator-Isu,Onicha,,6.1433470,7.7823450
11/13/03/005,UHU EZE VILLAGE SQUARE,Amanator-Isu,Onicha,,6.1505136,7.8004331
11/13/03/006,UMU OKPARA HALL(CIVIC CENTER),Amanator-Isu,Onicha,,5.5477519,7.4457981
11/13/03/007,ISIATA HALL,Amanator-Isu,Onicha,,6.1505136,7.8004331
11/13/03/008,PRIMARY SCHOOL MGBOM,Amanator-Isu,Onicha,,6.1561815,7.8016520
11/13/03/009,ISUACHARA PRIMARY SCHOOL,Amanator-Isu,Onicha,,6.1478542,7.7941008
11/13/03/010,AFIA NWEZOR,Amanator-Isu,Onicha,,6.1505136,7.8004331
11/13/03/011,UKWU NWANGWU,Amanator-Isu,Onicha,,6.1505136,7.8004331
11/13/03/012,EZUKWU NHIRINE PLAY GROUND,Amanator-Isu,Onicha,,6.1505136,7.8004331
11/13/03/013,AKPU OBASI PLAY GROUND,Amanator-Isu,Onicha,,6.1758836,7.7330017
11/13/03/014,CENTRAL SCHOOL MGBALAEZE,Amanator-Isu,Onicha,,6.1478542,7.7941008
11/13/03/015,UMUOYIDA PLAY GROUND,Amanator-Isu,Onicha,,6.1843315,7.7372932
11/13/03/016,UMUCHIMA VILLAGE HALL,Amanator-Isu,Onicha,,6.1830527,7.7422031
11/13/03/017,EZIUKWU OGBU ANI PLAY GROUND I,Amanator-Isu,Onicha,,6.1285940,7.7577130
11/13/03/018,EZIUKWU OGBU ANI PLAY GROUND II,Amanator-Isu,Onicha,,6.1285940,7.7577130
11/13/03/019,OFIA OKPU MARKET SQUARE,Amanator-Isu,Onicha,,6.1346486,7.8896241
11/13/03/020,AMANATOR TOWN HALL,Amanator-Isu,Onicha,,6.1494606,7.7525352
11/13/03/021,AMAIKPA PLAY GROUND,Amanator-Isu,Onicha,,6.1505136,7.8004331
11/13/03/022,NWORIE NDIAGU AMAGU TOWN HALL,Amanator-Isu,Onicha,,6.1505136,7.8004331
11/13/03/023,NWORIE NDIUNO AMAGU MKT. SQR,Amanator-Isu,Onicha,,6.1505136,7.8004331
11/13/03/024,OGBO ATA PLAY GROUND,Amanator-Isu,Onicha,,5.9775320,8.0641800
11/13/03/025,ISU ACHARA TOWN HALL,Amanator-Isu,Onicha,,6.1534737,7.8061985
11/13/03/026,NDIAGU OJI UMUNNA PLAY GROUND,Amanator-Isu,Onicha,,6.1714037,7.7952504
11/13/04/001,UKWU UBE SQUARE I,Ebia Oshiri,Onicha,,6.1505136,7.8004331
11/13/04/002,UKWU UBE SQUARE II,Ebia Oshiri,Onicha,,6.1505136,7.8004331
11/13/04/003,AKPURU NDUVU VILLAGE SQUARE,Ebia Oshiri,Onicha,,6.1346486,7.8896241
11/13/04/004,HEALTH CENTRE I,Ebia Oshiri,Onicha,,6.1323000,7.8847000
11/13/04/005,OKOKWU VILLAGE SQUARE,Ebia Oshiri,Onicha,,6.1346486,7.8896241
11/13/04/006,EBIA CENTRAL SCHOOL,Ebia Oshiri,Onicha,,6.2043473,7.8079356
11/13/04/007,IYI AZU TOWN HALL,Ebia Oshiri,Onicha,,6.3166473,8.1160672
11/13/04/008,ABALIFI PLAY GROUND,Ebia Oshiri,Onicha,,6.1346486,7.8896241
11/13/05/001,UGWUENU PRIMARY SCHOOL,Enuagu-Onicha,Onicha,,6.0855675,7.8121148
11/13/05/002,UBE EWA UGWU PLAY GROUND,Enuagu-Onicha,Onicha,,6.1116318,7.8231982
11/13/05/003,UFUEZE UGWU TOWN HALL,Enuagu-Onicha,Onicha,,6.0344099,7.8214697
11/13/05/004,AMAUTU TOWN HALL,Enuagu-Onicha,Onicha,,5.7440059,7.6653272
11/13/05/005,ONUEZIUKWU ANOKE OGBU,Enuagu-Onicha,Onicha,,6.1283600,7.8422900
11/13/05/006,ANIKE TOWN HALL,Enuagu-Onicha,Onicha,,6.1097668,7.8384952
11/13/05/007,ANIKE PRIMARY SCHOOL,Enuagu-Onicha,Onicha,,6.0855675,7.8121148
11/13/05/008,OTIKA TOWN HALL I,Enuagu-Onicha,Onicha,,6.1505136,7.8004331
11/13/05/009,OTIKA TOWN HALL II,Enuagu-Onicha,Onicha,,6.1097668,7.8384952
11/13/05/010,ENUAGU PRIMARY SCHOOL,Enuagu-Onicha,Onicha,,,
11/13/05/011,ISIAMA TOWN HALL,Enuagu-Onicha,Onicha,,6.0651931,7.8161797
11/13/05/012,AMANKWO TOWN HALL,Enuagu-Onicha,Onicha,,6.0944675,7.8119230
11/13/05/013,OGBOEDERE TOWN HALL,Enuagu-Onicha,Onicha,,6.0739000,7.8090250
11/13/05/014,EZEKPOROKE TOWN HALL,Enuagu-Onicha,Onicha,,6.0860780,7.8046140
11/13/05/015,ORIE ASUMKPA TOWN HALL,Enuagu-Onicha,Onicha,,6.1534737,7.8061985
11/13/05/016,OGBUNNA PLAY GROUND,Enuagu-Onicha,Onicha,,6.0697290,7.8246750
11/13/05/017,UGWU ODIDA BORE HOLE SQUARE,Enuagu-Onicha,Onicha,,6.1505136,7.8004331
11/13/05/018,UGWU ODIDA UKWU PRIMARY SCHOOL,Enuagu-Onicha,Onicha,,6.0855675,7.8121148
11/13/05/019,ISIAMA PRIMARY SCHOOL,Enuagu-Onicha,Onicha,,,
11/13/05/020,NWAFIA EZIUKWU NWIGWE MKT. SQR.,Enuagu-Onicha,Onicha,,6.1505136,7.8004331
11/13/05/021,OKPOMA COMMUNITY PRIMARY SCHOOL,Enuagu-Onicha,Onicha,,6.1069232,7.8163492
11/13/05/022,NWANKOPA MKT. SQUARE,Enuagu-Onicha,Onicha,,6.1346486,7.8896241
11/13/05/023,OGBO UKORO PLAY GROUND,Enuagu-Onicha,Onicha,,6.1102000,7.8339350
11/13/05/024,OGBUOMA PLAY GROUND,Enuagu-Onicha,Onicha,,6.1102000,7.8339350
11/13/05/025,ACHIAGU PLAY GROUND NTIEBO,Enuagu-Onicha,Onicha,,6.1102000,7.8339350
11/13/05/026,OGAMGBO UFUAKUMA PLAY GROUND,Enuagu-Onicha,Onicha,,6.1102000,7.8339350
11/13/05/027,OGAMGBO ISIAMA PLAY GROUND,Enuagu-Onicha,Onicha,,6.1102000,7.8339350
11/13/05/028,AMANKWO EWEZE BOREHOLE,Enuagu-Onicha,Onicha,,6.1505136,7.8004331
11/13/06/001,NGAMGBO INYIMA,Isinkwo-Ukawu,Onicha,,6.1505136,7.8004331
11/13/06/002,AMOFIA PLAY GROUND,Isinkwo-Ukawu,Onicha,,6.1102000,7.8339350
11/13/06/003,ONUZOR NWONUMA,Isinkwo-Ukawu,Onicha,,6.0418517,7.9266015
11/13/06/004,NGAMGBO ANYARIGWE`,Isinkwo-Ukawu,Onicha,,6.1505136,7.8004331
11/13/06/005,NWORIE ONUZOR EZE I,Isinkwo-Ukawu,Onicha,,6.1505136,7.8004331
11/13/06/006,NWORIE ONUZOR EZE II,Isinkwo-Ukawu,Onicha,,6.1323473,8.0219738
11/13/06/007,ONUNWANKWO UGO,Isinkwo-Ukawu,Onicha,,6.0418517,7.9266015
11/13/06/008,ONUNWORIE OHOFIA,Isinkwo-Ukawu,Onicha,,6.0418517,7.9266015
11/13/06/009,NGAMGBO AKAHUFU,Isinkwo-Ukawu,Onicha,,6.1505136,7.8004331
11/13/06/010,NGAMGBO EGUGWU,Isinkwo-Ukawu,Onicha,,6.1505136,7.8004331
11/13/06/011,ONUNWEKE MARKET SQUARE,Isinkwo-Ukawu,Onicha,,6.1346486,7.8896241
11/13/06/012,ONUZO NWEKE NWALI PLAY GROUND,Isinkwo-Ukawu,Onicha,,6.1323473,8.0219738
11/13/06/013,NWEKE AMAETA OHINYA MKT. SQR,Isinkwo-Ukawu,Onicha,,6.1505136,7.8004331
11/13/06/014,OFUTU OYI IGWEBUIKE PLAY GROUND,Isinkwo-Ukawu,Onicha,,6.1505136,7.8004331
11/13/06/015,ONUZOR NJOKU NWALI P/G,Isinkwo-Ukawu,Onicha,,6.1505136,7.8004331
11/13/06/016,AZU OKPE PLAY GROUND,Isinkwo-Ukawu,Onicha,,6.1323473,8.0219738
11/13/06/017,OBODO OMA PLAY GROUND,Isinkwo-Ukawu,Onicha,,6.0294299,7.7903360
11/13/06/018,ONUNWEKE OKEALI MKT. SQR,Isinkwo-Ukawu,Onicha,,6.0211133,7.9057260
11/13/06/019,NDUFU AMOFIA TOWN HALL,Isinkwo-Ukawu,Onicha,,6.1505136,7.8004331
11/13/06/020,EBUSIKE PLAY GROUND,Isinkwo-Ukawu,Onicha,,6.1102000,7.8339350
11/13/06/021,ISIEKE PLAY GROUND,Isinkwo-Ukawu,Onicha,,6.3850252,8.0274274
11/13/06/022,NDUFU ECHIKA PLAY GROUND,Isinkwo-Ukawu,Onicha,,6.1505136,7.8004331
11/13/06/023,ONOKO PLAY GROUND,Isinkwo-Ukawu,Onicha,,6.1505136,7.8004331
11/13/06/024,NGAMGBO EFFIUM,Isinkwo-Ukawu,Onicha,,6.1505136,7.8004331
11/13/06/025,UGWUOKWE PLAY GROUND,Isinkwo-Ukawu,Onicha,,6.1102000,7.8339350
11/13/07/001,AKANU PRIMARY SCHOOL,Isi-Onicha,Onicha,,6.1069232,7.8163492
11/13/07/002,EZIGA PRIMARY SCHOOL,Isi-Onicha,Onicha,,6.1069232,7.8163492
11/13/07/003,OGUDU ONU PLAY GROUND,Isi-Onicha,Onicha,,6.0811090,7.7767890
11/13/07/004,EZEBE PLAY GROUND,Isi-Onicha,Onicha,,6.1079605,7.8071810
11/13/07/005,OLD NWORIE UMUBO MARKET SQUARE,Isi-Onicha,Onicha,,6.1505136,7.8004331
11/13/07/006,AMANATOR C.P SCHOOL,Isi-Onicha,Onicha,,6.1116318,7.8231982
11/13/07/007,UFU OKWOKE TOWN HALL,Isi-Onicha,Onicha,,6.1534737,7.8061985
11/13/07/008,NWANI OBU PLAY GROUND,Isi-Onicha,Onicha,,6.1505136,7.8004331
11/13/07/009,NWORIE NWAMKPUMA MARKET SQUARE,Isi-Onicha,Onicha,,6.1505136,7.8004331
11/13/07/010,AMAOFUHU TOWN HALL UMUBO,Isi-Onicha,Onicha,,6.1534737,7.8061985
11/13/07/011,UMUBO COMMUNITY PRIMARY SCHOOL,Isi-Onicha,Onicha,,,
11/13/07/012,UFU OKAM TOWN HALL UMUBO,Isi-Onicha,Onicha,,6.1534737,7.8061985
11/13/07/013,AMAENU TOWN HALL NWACHI UGO,Isi-Onicha,Onicha,,6.1378355,7.8286368
11/13/07/014,EKE ACHIUGO MARKET SQUARE,Isi-Onicha,Onicha,,6.1346486,7.8896241
11/13/07/015,ISI NWAOVU TOWN HALL,Isi-Onicha,Onicha,,6.1534737,7.8061985
11/13/07/016,AMANATOR CIVIC CENTER EZIUKWU UKWU,Isi-Onicha,Onicha,,6.1505136,7.8004331
11/13/08/001,UMUARISI PLAY GROUND,Obeagu-Isu,Onicha,,6.2184189,7.7343786
11/13/08/002,AFOR AGU MARKET SQUARE,Obeagu-Isu,Onicha,,6.2388581,7.7579683
11/13/08/003,UMUEKWENZE PLAY GROUND,Obeagu-Isu,Onicha,,6.2185113,7.7325703
11/13/08/004,UMUANAGU PLAY GROUND,Obeagu-Isu,Onicha,,6.2388581,7.7579683
11/13/08/005,NKWOR OKORO MARKET SQUARE,Obeagu-Isu,Onicha,,6.1505649,7.8005790
11/13/08/006,OJIEGBE PRIMARY SCHOOL,Obeagu-Isu,Onicha,,,
11/13/08/007,AGUEKE OBEAGU PLAY GROUND,Obeagu-Isu,Onicha,,6.2388581,7.7579683
11/13/08/008,IHUANI EZEIGBOKE VILAGE SQUARE,Obeagu-Isu,Onicha,,6.2388581,7.7579683
11/13/08/009,IGWEBUIKE PRIMARY SCHOOL OBEAGU-ISU,Obeagu-Isu,Onicha,,6.1399575,7.4313497
11/13/08/010,ONUANI ISU/EKE ANUNWANKWOR PLAY GROUND,Obeagu-Isu,Onicha,,6.1495749,7.8007402
11/13/08/011,AMOOSU HALL/ AFOR MARKET,Obeagu-Isu,Onicha,,6.1679510,7.8334414
11/13/09/001,CENTRAL SCHOOL OSHIRI,Oguduokwo Oshiri,Onicha,,6.1478542,7.7941008
11/13/09/002,UFUEZEOKWU SQUARE I,Oguduokwo Oshiri,Onicha,,6.1346486,7.8896241
11/13/09/003,UFUEZEOKWU SQUARE II,Oguduokwo Oshiri,Onicha,,6.1346486,7.8896241
11/13/09/004,AMAKPARATA PLAY GROUND,Oguduokwo Oshiri,Onicha,,6.0327410,7.8092290
11/13/09/005,OGUDU OKWO VILLAGE SQUARE II,Oguduokwo Oshiri,Onicha,,6.1346486,7.8896241
11/13/09/006,UMUNNATO COMMUNITY PRIMARY SCHOOL,Oguduokwo Oshiri,Onicha,,6.1505136,7.8004331
11/13/09/007,OBEAGU / AMOFFIA HALL I,Oguduokwo Oshiri,Onicha,,6.1505136,7.8004331
11/13/09/008,OBEAGU / AMOFFIA HALL II,Oguduokwo Oshiri,Onicha,,6.1505136,7.8004331
11/13/09/009,AMAKPARA /ENWALIKO PLAY GROUND,Oguduokwo Oshiri,Onicha,,6.1346486,7.8896241
11/13/09/010,EGUOGBAKPAKA,Oguduokwo Oshiri,Onicha,,6.1346486,7.8896241
11/13/10/001,NGAMGBO UKAWU P/GROUND,Okuzu-Ukawu,Onicha,,6.0418517,7.9266015
11/13/10/002,NWANKWO MARKET SQUARE,Okuzu-Ukawu,Onicha,,6.0211133,7.9057260
11/13/10/003,NDIAGU VILLAGE SQUARE I,Okuzu-Ukawu,Onicha,,6.3514330,7.6492336
11/13/10/004,OKALERU CENTRAL SCHOOL,Okuzu-Ukawu,Onicha,,6.0418517,7.9266015
11/13/10/005,OCHEGE CENTRAL SCHOOL AMAMKPUMA,Okuzu-Ukawu,Onicha,,6.0607304,7.9212296
11/13/10/006,NWORIE MARKET SQUARE,Okuzu-Ukawu,Onicha,,6.0211133,7.9057260
11/13/10/007,OKUZU VILLAGE SQUARE,Okuzu-Ukawu,Onicha,,6.0211133,7.9057260
11/13/10/008,ISHIEKE PLAY GROUND,Okuzu-Ukawu,Onicha,,6.3791413,8.0367102
11/13/10/009,EBIAJI PLAY GROUND,Okuzu-Ukawu,Onicha,,6.0726106,7.9974890
11/13/10/010,AZU OBOSI VILLAGE SQUARE,Okuzu-Ukawu,Onicha,,6.0211133,7.9057260
11/13/10/011,OKUZU UKAWU C/S AMANKPUMA,Okuzu-Ukawu,Onicha,,6.0418517,7.9266015
11/13/10/012,NWANKWO MARKET SQUARE II,Okuzu-Ukawu,Onicha,,6.0211133,7.9057260
11/13/10/013,OKUZU EGUENYI TOWN HALL,Okuzu-Ukawu,Onicha,,6.0418517,7.9266015
11/13/10/014,NWAFOR NDIAGU OKUZU MARKET SQR.,Okuzu-Ukawu,Onicha,,6.0211133,7.9057260
11/13/10/015,NGAMGBO OBUCHIE PLAY GROUND,Okuzu-Ukawu,Onicha,,6.1102000,7.8339350
11/13/10/016,ALIBE PLAY GROUND,Okuzu-Ukawu,Onicha,,6.1102000,7.8339350
11/13/10/017,AZU EBONYI EZUBE PRIMARY SCHOOL,Okuzu-Ukawu,Onicha,,6.0418517,7.9266015
11/13/10/018,NWAFOR EZUBE MARKET SQUARE,Okuzu-Ukawu,Onicha,,6.0211133,7.9057260
11/13/10/019,NGAMGBO IMEGU TOWN HALL,Okuzu-Ukawu,Onicha,,6.0418517,7.9266015
11/13/11/001,EZECHI TOWN HALL,Ugwu-Oshiri,Onicha,,6.1534737,7.8061985
11/13/11/002,UGWU COMM. PRIMARY SCHOOL I,Ugwu-Oshiri,Onicha,,6.1530850,7.9246217
11/13/11/003,UGWU COMM. PRIMARY SCHOOL II,Ugwu-Oshiri,Onicha,,6.1530850,7.9246217
11/13/11/004,NWUBE VILLAGE SQUARE,Ugwu-Oshiri,Onicha,,6.1346486,7.8896241
11/13/11/005,ACHI ELOM SQUARE,Ugwu-Oshiri,Onicha,,6.1346486,7.8896241
11/13/11/006,MBOJI UZOR SQUARE,Ugwu-Oshiri,Onicha,,6.1508500,7.8036600
11/13/11/007,AMANKALU PLAY GROUND,Ugwu-Oshiri,Onicha,,5.8312737,7.9282347
11/13/11/008,ISHINKWO PLAY GROUND,Ugwu-Oshiri,Onicha,,5.8312737,7.9282347
11/13/11/009,UGWU COMM. PRIMARY SCHOOL III,Ugwu-Oshiri,Onicha,,6.1176095,7.9630686
11/13/11/010,ACHIGWE PLAY GROUND,Ugwu-Oshiri,Onicha,,6.0327410,7.8092290
11/13/11/011,NWEKE AGU VILLAGE SQUARE,Ugwu-Oshiri,Onicha,,6.1346486,7.8896241
11/13/11/012,ONU MEETING TOWN HALL,Ugwu-Oshiri,Onicha,,6.1534737,7.8061985
11/13/11/013,ENYIMA OGWOGWU PLAY GROUND,Ugwu-Oshiri,Onicha,,5.8312737,7.9282347
11/13/12/001,AMAKPORO PRIMARY SCHOOL,Umudomi-Onicha,Onicha,,6.1171717,7.8482877
11/13/12/002,NWEKE OJIONU MARKET SQUARE,Umudomi-Onicha,Onicha,,6.1346486,7.8896241
11/13/12/003,AFOR UMUDOMI MARKET SQUARE,Umudomi-Onicha,Onicha,,6.1169407,7.8264267
11/13/12/004,OFIERE PLAY GROUND,Umudomi-Onicha,Onicha,,6.1133879,7.8252610
11/13/12/005,NGWU AMANGWU,Umudomi-Onicha,Onicha,,6.1097668,7.8384952
11/13/12/006,NGWU OFUOGENE,Umudomi-Onicha,Onicha,,6.1097668,7.8384952
11/13/12/007,OJA PLAY GROUND,Umudomi-Onicha,Onicha,,6.1102000,7.8339350
11/13/12/008,NGWU AMAOKWE,Umudomi-Onicha,Onicha,,6.1097668,7.8384952
11/13/12/009,OKEANI PLAY GROUND,Umudomi-Onicha,Onicha,,6.1102000,7.8339350
11/13/12/010,AMAKPORO TOWN HALL,Umudomi-Onicha,Onicha,,6.1534737,7.8061985
11/13/12/011,UMUAGBA TOWN HALL,Umudomi-Onicha,Onicha,,6.1534737,7.8061985
11/13/12/012,OGAMGBO AMAKPORO PLAY GROUND,Umudomi-Onicha,Onicha,,6.1097668,7.8384952
11/13/12/013,NWAFOR PLAY GROUND,Umudomi-Onicha,Onicha,,6.1102000,7.8339350
11/13/12/014,AMAIKPA TOWN HALL,Umudomi-Onicha,Onicha,,6.1505136,7.8004331
11/13/12/015,ORIE UMU EZIUKWU MARKET SQUARE,Umudomi-Onicha,Onicha,,6.1505136,7.8004331
11/13/12/016,ONICHA CENTRAL SCHOOL EGUNKWO,Umudomi-Onicha,Onicha,,6.1069232,7.8163492
11/13/12/017,NDIEGU AMANGWU PLAY GROUND,Umudomi-Onicha,Onicha,,6.1102000,7.8339350
11/13/12/018,NWORIE UMUNOGODO VILLAGE,Umudomi-Onicha,Onicha,,6.1097668,7.8384952
11/13/12/019,UFUEZE UMUOCHA TOWN HALL,Umudomi-Onicha,Onicha,,6.1534737,7.8061985
11/13/12/020,ONU-OFIA TOWN HALL,Umudomi-Onicha,Onicha,,6.1534737,7.8061985
11/13/12/021,OGAMGBO UTARAEZE PLAY GROUND,Umudomi-Onicha,Onicha,,6.1102000,7.8339350
